number,value,params_colsample_bytree,params_learning_rate,params_max_depth,params_n_estimators,params_reg_alpha,params_reg_lambda,params_subsample,state
0,2.4866241216659546,0.6232334448672797,0.1205712628744377,10,250,0.15601864044243652,0.15599452033620265,0.8394633936788146,COMPLETE
1,2.5967049598693848,0.6849356442713105,0.11114989443094977,7,447,0.9699098521619943,0.8324426408004217,0.608233797718321,COMPLETE
2,2.3540955781936646,0.8447411578889518,0.028145092716060652,4,172,0.43194501864211576,0.2912291401980419,0.8099025726528951,COMPLETE
3,2.3547983169555664,0.8056937753654446,0.03476649150592621,5,155,0.7851759613930136,0.19967378215835974,0.7824279936868144,COMPLETE
4,2.469442129135132,0.9862528132298237,0.07896186801026692,3,337,0.06505159298527952,0.9488855372533332,0.6682096494749166,COMPLETE
5,2.3487333059310913,0.798070764044508,0.013940346079873234,5,424,0.4401524937396013,0.12203823484477883,0.8736932106048627,COMPLETE
6,2.471062183380127,0.8186841117373118,0.024112898115291985,10,113,0.31171107608941095,0.5200680211778108,0.8650089137415928,COMPLETE
7,2.543904423713684,0.9687496940092467,0.13962563737015762,10,174,0.8948273504276488,0.5978999788110851,0.9757995766256756,COMPLETE
8,2.5169692039489746,0.9314950036607718,0.011662890273931383,4,135,0.388677289689482,0.2713490317738959,0.7301321323053057,COMPLETE
9,2.49580180644989,0.9947547746402069,0.06333268775321843,5,243,0.8021969807540397,0.07455064367977082,0.6563696899899051,COMPLETE
10,2.603133201599121,0.7324184326866336,0.2704729722717776,7,491,0.6400885024675561,0.4064288599162644,0.9481974559098771,COMPLETE
11,2.3574854135513306,0.8742955831830228,0.010171041547151262,5,372,0.5585247307792902,0.3574542029997553,0.8907952193253279,COMPLETE
12,2.3619203567504883,0.8799831134313251,0.021058335152393855,3,401,0.39475463923624315,0.005306109119607411,0.7796517692036903,COMPLETE
13,2.378275156021118,0.7436280732029374,0.018319635353697745,6,280,0.2368676529723153,0.32832332898394156,0.9185150669689373,COMPLETE
14,2.4497281312942505,0.8752918047800795,0.04003657792264006,8,207,0.5060843224947922,0.6634064286119826,0.8261716674113689,COMPLETE
15,2.3366565704345703,0.7776839635038929,0.015202489999799996,4,415,0.6352405899268478,0.1867621145460674,0.7331813229479764,COMPLETE
16,2.33232045173645,0.7553082698269052,0.01461559552640286,4,432,0.661770214617297,0.1310416281428176,0.7539796407337818,COMPLETE
17,2.353783965110779,0.7373393912470905,0.015244764507811245,4,482,0.6423620561394953,0.004740119653089625,0.7275717552489582,COMPLETE
18,2.381287693977356,0.6510363587639426,0.048176636564660036,3,357,0.7219454805607028,0.4557150585603205,0.7261998921961992,COMPLETE
19,2.4693273305892944,0.6997108097658562,0.027944088727945918,6,440,0.6143668471228353,0.20861311995600276,0.6807171468064964,COMPLETE
20,2.432209014892578,0.777509086826228,0.016842789111680054,8,330,0.7282096148498897,0.742575834452689,0.758824442774539,COMPLETE
21,2.3328508138656616,0.7611102139201835,0.013589328909885299,4,407,0.4778568240826287,0.11917855217111069,0.8729762678184106,COMPLETE
22,2.331438422203064,0.7658652124989075,0.010272924949112998,4,398,0.5544462670922787,0.09006690553684521,0.7003703521262221,COMPLETE
23,2.3226479291915894,0.7061080592094189,0.010057050194147545,3,391,0.5162162324031535,0.08817932553467447,0.6962058985141576,COMPLETE
24,2.3190001249313354,0.6934177328846791,0.010927959048996483,3,375,0.5720759247942445,0.07198052369416866,0.6936708339960208,COMPLETE
25,2.3445688486099243,0.6940626171088156,0.010307518051871604,3,307,0.5401645432604842,0.05894200918150527,0.6246026171282115,COMPLETE
26,2.322095274925232,0.6573474395141004,0.019483232548788056,3,377,0.3221359376429537,0.24416758271613667,0.695626713315578,COMPLETE
27,2.34081494808197,0.6167649253431701,0.0234259908121995,3,367,0.29012063648882275,0.24839548703792685,0.6357585918448602,COMPLETE
28,2.3241792917251587,0.6587781434494262,0.019071458775165497,3,308,0.17961518387107336,0.41225276201289207,0.6905257968608297,COMPLETE
29,2.441908359527588,0.6491097056956201,0.012463704350040282,9,463,0.03915056805535411,0.16470484455583762,0.6476162023741773,COMPLETE
30,2.3454926013946533,0.6088017347852452,0.03346040366066125,3,257,0.32305141430843287,0.00026211230471318014,0.6012675190264494,COMPLETE
31,2.3161717653274536,0.6501227864950603,0.017987815801656433,3,313,0.12794491653432793,0.3813985474388376,0.693055878078563,COMPLETE
32,2.3469932079315186,0.715481126558496,0.020559067049737208,3,382,0.12492353956311447,0.24337209060447426,0.7069454764621447,COMPLETE
33,2.335960268974304,0.671005628988899,0.01241807735023372,4,340,0.2026146532988466,0.33904395040556723,0.663470284101876,COMPLETE
34,2.3274240493774414,0.6365398841654688,0.02735592696984896,3,279,0.1281301026953614,0.49678955474732106,0.7073356475293027,COMPLETE
35,2.3800193071365356,0.6778800728526525,0.01762071670837563,5,342,0.006682550166571322,0.2929426490004744,0.788604668574611,COMPLETE
36,2.5672760009765625,0.7126297589609065,0.10399212816185803,4,390,0.3667566169501225,0.151444687906033,0.7625061024893783,COMPLETE
37,2.330665946006775,0.6346547599576181,0.03357946289435382,3,322,0.4593516456183835,0.9982835861660032,0.6761549880119895,COMPLETE
38,2.3926597833633423,0.603687728057221,0.012083944901697473,6,354,0.2590940296500786,0.2154877918719291,0.6173603231025551,COMPLETE
39,2.39324951171875,0.6729102313291988,0.02270139251093281,4,466,0.07983096026566694,0.589312040338281,0.64600789544468,COMPLETE
40,2.696468949317932,0.7182958947067775,0.2746511129450667,5,286,0.4197888375169082,0.06309109910645555,0.8013998075034642,COMPLETE
41,2.3254141807556152,0.6580957386582077,0.018779059682313245,3,309,0.19764293277958675,0.3924469332669668,0.6865332518078375,COMPLETE
42,2.3311445713043213,0.6927189065855507,0.01582227214053116,3,244,0.18989485554373856,0.4070485161371099,0.7047175643501282,COMPLETE
43,2.3377513885498047,0.6310767519859503,0.025685200091242203,3,317,0.3445397885821031,0.46585750667546666,0.6889016827117407,COMPLETE
44,2.5904109477996826,0.6613466368940605,0.18238263519169481,4,379,0.9986409325592858,0.2928742217854684,0.7427678118604039,COMPLETE
45,2.3725253343582153,0.6848212936747574,0.01132639864930101,3,212,0.10656382535304149,0.542143855793352,0.6600377101315371,COMPLETE
46,2.385398745536804,0.8280998427268168,0.0195789832422834,5,289,0.14754215260583733,0.35978259095574994,0.7195331111227534,COMPLETE
47,2.3966723680496216,0.6441072677204801,0.05293365471158707,3,362,0.2512082931362875,0.44155950910020647,0.6298846643918268,COMPLETE
48,2.3413225412368774,0.7262286359839694,0.0136146756574532,4,422,0.5033260925583547,0.10426243792193687,0.8222988783787141,COMPLETE
49,2.486203670501709,0.6190318455594369,0.0427512580195064,7,260,0.3029149515495941,0.29610905657612707,0.6728894185172808,COMPLETE
