RaceID,season,round,driver_id,constructor_id,finish_position,pred_finish_position,train_until,valid_season,decay
max_verstappen_2023_1,2023,1,max_verstappen,red_bull,1,1.9028571428571428,2022,2023,0.95
perez_2023_1,2023,1,perez,red_bull,2,3.337142857142857,2022,2023,0.95
alonso_2023_1,2023,1,alonso,aston_martin,3,7.014285714285714,2022,2023,0.95
sainz_2023_1,2023,1,sainz,ferrari,4,3.597142857142857,2022,2023,0.95
hamilton_2023_1,2023,1,hamilton,mercedes,5,4.277142857142858,2022,2023,0.95
stroll_2023_1,2023,1,stroll,aston_martin,6,9.311428571428571,2022,2023,0.95
russell_2023_1,2023,1,russell,mercedes,7,4.291428571428572,2022,2023,0.95
bottas_2023_1,2023,1,bottas,alfa,8,11.231428571428571,2022,2023,0.95
gasly_2023_1,2023,1,gasly,alpine,9,10.814285714285715,2022,2023,0.95
albon_2023_1,2023,1,albon,williams,10,13.268571428571429,2022,2023,0.95
tsunoda_2023_1,2023,1,tsunoda,alphatauri,11,12.134285714285713,2022,2023,0.95
sargeant_2023_1,2023,1,sargeant,williams,12,12.082857142857144,2022,2023,0.95
kevin_magnussen_2023_1,2023,1,kevin_magnussen,haas,13,13.851428571428572,2022,2023,0.95
de_vries_2023_1,2023,1,de_vries,alphatauri,14,12.691428571428572,2022,2023,0.95
hulkenberg_2023_1,2023,1,hulkenberg,haas,15,11.502857142857144,2022,2023,0.95
zhou_2023_1,2023,1,zhou,alfa,16,12.445714285714285,2022,2023,0.95
norris_2023_1,2023,1,norris,mclaren,17,8.434285714285714,2022,2023,0.95
perez_2023_2,2023,2,perez,red_bull,1,3.3457142857142856,2022,2023,0.95
max_verstappen_2023_2,2023,2,max_verstappen,red_bull,2,6.2057142857142855,2022,2023,0.95
alonso_2023_2,2023,2,alonso,aston_martin,3,6.408571428571428,2022,2023,0.95
russell_2023_2,2023,2,russell,mercedes,4,3.862857142857143,2022,2023,0.95
hamilton_2023_2,2023,2,hamilton,mercedes,5,6.171428571428572,2022,2023,0.95
sainz_2023_2,2023,2,sainz,ferrari,6,3.8914285714285715,2022,2023,0.95
leclerc_2023_2,2023,2,leclerc,ferrari,7,3.605714285714286,2022,2023,0.95
ocon_2023_2,2023,2,ocon,alpine,8,7.288571428571428,2022,2023,0.95
gasly_2023_2,2023,2,gasly,alpine,9,9.077142857142857,2022,2023,0.95
kevin_magnussen_2023_2,2023,2,kevin_magnussen,haas,10,12.688571428571429,2022,2023,0.95
tsunoda_2023_2,2023,2,tsunoda,alphatauri,11,12.045714285714286,2022,2023,0.95
hulkenberg_2023_2,2023,2,hulkenberg,haas,12,11.594285714285714,2022,2023,0.95
zhou_2023_2,2023,2,zhou,alfa,13,11.342857142857143,2022,2023,0.95
de_vries_2023_2,2023,2,de_vries,alphatauri,14,12.09142857142857,2022,2023,0.95
piastri_2023_2,2023,2,piastri,mclaren,15,8.785714285714286,2022,2023,0.95
sargeant_2023_2,2023,2,sargeant,williams,16,13.868571428571428,2022,2023,0.95
norris_2023_2,2023,2,norris,mclaren,17,10.754285714285714,2022,2023,0.95
bottas_2023_2,2023,2,bottas,alfa,18,11.905714285714286,2022,2023,0.95
max_verstappen_2023_3,2023,3,max_verstappen,red_bull,1,1.76,2022,2023,0.95
hamilton_2023_3,2023,3,hamilton,mercedes,2,4.534285714285715,2022,2023,0.95
alonso_2023_3,2023,3,alonso,aston_martin,3,5.854285714285714,2022,2023,0.95
stroll_2023_3,2023,3,stroll,aston_martin,4,8.925714285714285,2022,2023,0.95
perez_2023_3,2023,3,perez,red_bull,5,7.194285714285714,2022,2023,0.95
norris_2023_3,2023,3,norris,mclaren,6,11.837142857142856,2022,2023,0.95
hulkenberg_2023_3,2023,3,hulkenberg,haas,7,12.58,2022,2023,0.95
piastri_2023_3,2023,3,piastri,mclaren,8,14.314285714285715,2022,2023,0.95
zhou_2023_3,2023,3,zhou,alfa,9,13.694285714285714,2022,2023,0.95
tsunoda_2023_3,2023,3,tsunoda,alphatauri,10,11.611428571428572,2022,2023,0.95
bottas_2023_3,2023,3,bottas,alfa,11,13.214285714285714,2022,2023,0.95
sainz_2023_3,2023,3,sainz,ferrari,12,3.9171428571428573,2022,2023,0.95
perez_2023_4,2023,4,perez,red_bull,1,3.5942857142857143,2022,2023,0.95
max_verstappen_2023_4,2023,4,max_verstappen,red_bull,2,2.605714285714286,2022,2023,0.95
leclerc_2023_4,2023,4,leclerc,ferrari,3,3.0542857142857143,2022,2023,0.95
alonso_2023_4,2023,4,alonso,aston_martin,4,6.902857142857143,2022,2023,0.95
sainz_2023_4,2023,4,sainz,ferrari,5,3.7485714285714287,2022,2023,0.95
hamilton_2023_4,2023,4,hamilton,mercedes,6,5.68,2022,2023,0.95
stroll_2023_4,2023,4,stroll,aston_martin,7,8.59142857142857,2022,2023,0.95
russell_2023_4,2023,4,russell,mercedes,8,7.122857142857143,2022,2023,0.95
norris_2023_4,2023,4,norris,mclaren,9,8.028571428571428,2022,2023,0.95
tsunoda_2023_4,2023,4,tsunoda,alphatauri,10,9.791428571428572,2022,2023,0.95
piastri_2023_4,2023,4,piastri,mclaren,11,9.454285714285714,2022,2023,0.95
albon_2023_4,2023,4,albon,williams,12,12.048571428571428,2022,2023,0.95
kevin_magnussen_2023_4,2023,4,kevin_magnussen,haas,13,12.914285714285715,2022,2023,0.95
gasly_2023_4,2023,4,gasly,alpine,14,10.934285714285714,2022,2023,0.95
ocon_2023_4,2023,4,ocon,alpine,15,9.3,2022,2023,0.95
sargeant_2023_4,2023,4,sargeant,williams,16,13.074285714285715,2022,2023,0.95
hulkenberg_2023_4,2023,4,hulkenberg,haas,17,11.894285714285715,2022,2023,0.95
bottas_2023_4,2023,4,bottas,alfa,18,11.502857142857144,2022,2023,0.95
max_verstappen_2023_5,2023,5,max_verstappen,red_bull,1,5.64,2022,2023,0.95
perez_2023_5,2023,5,perez,red_bull,2,3.1542857142857144,2022,2023,0.95
alonso_2023_5,2023,5,alonso,aston_martin,3,6.02,2022,2023,0.95
russell_2023_5,2023,5,russell,mercedes,4,5.731428571428571,2022,2023,0.95
sainz_2023_5,2023,5,sainz,ferrari,5,3.3142857142857145,2022,2023,0.95
hamilton_2023_5,2023,5,hamilton,mercedes,6,9.057142857142857,2022,2023,0.95
leclerc_2023_5,2023,5,leclerc,ferrari,7,5.077142857142857,2022,2023,0.95
gasly_2023_5,2023,5,gasly,alpine,8,7.588571428571429,2022,2023,0.95
ocon_2023_5,2023,5,ocon,alpine,9,9.117142857142857,2022,2023,0.95
kevin_magnussen_2023_5,2023,5,kevin_magnussen,haas,10,10.362857142857143,2022,2023,0.95
tsunoda_2023_5,2023,5,tsunoda,alphatauri,11,12.188571428571429,2022,2023,0.95
stroll_2023_5,2023,5,stroll,aston_martin,12,11.68,2022,2023,0.95
bottas_2023_5,2023,5,bottas,alfa,13,11.17142857142857,2022,2023,0.95
albon_2023_5,2023,5,albon,williams,14,12.297142857142857,2022,2023,0.95
hulkenberg_2023_5,2023,5,hulkenberg,haas,15,12.357142857142858,2022,2023,0.95
zhou_2023_5,2023,5,zhou,alfa,16,13.202857142857143,2022,2023,0.95
norris_2023_5,2023,5,norris,mclaren,17,11.597142857142858,2022,2023,0.95
de_vries_2023_5,2023,5,de_vries,alphatauri,18,12.588571428571429,2022,2023,0.95
piastri_2023_5,2023,5,piastri,mclaren,19,12.442857142857143,2022,2023,0.95
sargeant_2023_5,2023,5,sargeant,williams,20,14.708571428571428,2022,2023,0.95
max_verstappen_2023_6,2023,6,max_verstappen,red_bull,1,2.317142857142857,2022,2023,0.95
alonso_2023_6,2023,6,alonso,aston_martin,2,5.477142857142857,2022,2023,0.95
ocon_2023_6,2023,6,ocon,alpine,3,7.325714285714286,2022,2023,0.95
hamilton_2023_6,2023,6,hamilton,mercedes,4,5.76,2022,2023,0.95
russell_2023_6,2023,6,russell,mercedes,5,6.8428571428571425,2022,2023,0.95
leclerc_2023_6,2023,6,leclerc,ferrari,6,3.5685714285714285,2022,2023,0.95
gasly_2023_6,2023,6,gasly,alpine,7,7.882857142857143,2022,2023,0.95
sainz_2023_6,2023,6,sainz,ferrari,8,4.091428571428572,2022,2023,0.95
norris_2023_6,2023,6,norris,mclaren,9,10.588571428571429,2022,2023,0.95
piastri_2023_6,2023,6,piastri,mclaren,10,11.748571428571429,2022,2023,0.95
bottas_2023_6,2023,6,bottas,alfa,11,12.748571428571429,2022,2023,0.95
de_vries_2023_6,2023,6,de_vries,alphatauri,12,12.36,2022,2023,0.95
zhou_2023_6,2023,6,zhou,alfa,13,14.294285714285714,2022,2023,0.95
albon_2023_6,2023,6,albon,williams,14,13.305714285714286,2022,2023,0.95
tsunoda_2023_6,2023,6,tsunoda,alphatauri,15,10.174285714285714,2022,2023,0.95
perez_2023_6,2023,6,perez,red_bull,16,7.78,2022,2023,0.95
hulkenberg_2023_6,2023,6,hulkenberg,haas,17,14.06,2022,2023,0.95
sargeant_2023_6,2023,6,sargeant,williams,18,14.845714285714285,2022,2023,0.95
max_verstappen_2023_7,2023,7,max_verstappen,red_bull,1,2.5714285714285716,2022,2023,0.95
hamilton_2023_7,2023,7,hamilton,mercedes,2,5.3342857142857145,2022,2023,0.95
russell_2023_7,2023,7,russell,mercedes,3,6.845714285714286,2022,2023,0.95
perez_2023_7,2023,7,perez,red_bull,4,6.851428571428571,2022,2023,0.95
sainz_2023_7,2023,7,sainz,ferrari,5,3.66,2022,2023,0.95
stroll_2023_7,2023,7,stroll,aston_martin,6,9.054285714285715,2022,2023,0.95
alonso_2023_7,2023,7,alonso,aston_martin,7,7.622857142857143,2022,2023,0.95
ocon_2023_7,2023,7,ocon,alpine,8,7.96,2022,2023,0.95
zhou_2023_7,2023,7,zhou,alfa,9,13.302857142857142,2022,2023,0.95
gasly_2023_7,2023,7,gasly,alpine,10,7.8914285714285715,2022,2023,0.95
leclerc_2023_7,2023,7,leclerc,ferrari,11,6.94,2022,2023,0.95
tsunoda_2023_7,2023,7,tsunoda,alphatauri,12,12.782857142857143,2022,2023,0.95
piastri_2023_7,2023,7,piastri,mclaren,13,11.642857142857142,2022,2023,0.95
de_vries_2023_7,2023,7,de_vries,alphatauri,14,13.048571428571428,2022,2023,0.95
hulkenberg_2023_7,2023,7,hulkenberg,haas,15,12.231428571428571,2022,2023,0.95
albon_2023_7,2023,7,albon,williams,16,14.34,2022,2023,0.95
norris_2023_7,2023,7,norris,mclaren,17,7.942857142857143,2022,2023,0.95
kevin_magnussen_2023_7,2023,7,kevin_magnussen,haas,18,14.257142857142858,2022,2023,0.95
bottas_2023_7,2023,7,bottas,alfa,19,12.325714285714286,2022,2023,0.95
sargeant_2023_7,2023,7,sargeant,williams,20,15.56,2022,2023,0.95
max_verstappen_2023_8,2023,8,max_verstappen,red_bull,1,2.4914285714285715,2022,2023,0.95
alonso_2023_8,2023,8,alonso,aston_martin,2,5.497142857142857,2022,2023,0.95
hamilton_2023_8,2023,8,hamilton,mercedes,3,5.177142857142857,2022,2023,0.95
leclerc_2023_8,2023,8,leclerc,ferrari,4,6.337142857142857,2022,2023,0.95
sainz_2023_8,2023,8,sainz,ferrari,5,6.3028571428571425,2022,2023,0.95
perez_2023_8,2023,8,perez,red_bull,6,6.911428571428571,2022,2023,0.95
albon_2023_8,2023,8,albon,williams,7,12.205714285714286,2022,2023,0.95
ocon_2023_8,2023,8,ocon,alpine,8,7.154285714285714,2022,2023,0.95
stroll_2023_8,2023,8,stroll,aston_martin,9,11.014285714285714,2022,2023,0.95
bottas_2023_8,2023,8,bottas,alfa,10,12.825714285714286,2022,2023,0.95
piastri_2023_8,2023,8,piastri,mclaren,11,10.582857142857144,2022,2023,0.95
gasly_2023_8,2023,8,gasly,alpine,12,12.594285714285714,2022,2023,0.95
norris_2023_8,2023,8,norris,mclaren,13,8.68,2022,2023,0.95
tsunoda_2023_8,2023,8,tsunoda,alphatauri,14,13.14,2022,2023,0.95
hulkenberg_2023_8,2023,8,hulkenberg,haas,15,10.802857142857142,2022,2023,0.95
zhou_2023_8,2023,8,zhou,alfa,16,13.934285714285714,2022,2023,0.95
kevin_magnussen_2023_8,2023,8,kevin_magnussen,haas,17,14.054285714285715,2022,2023,0.95
de_vries_2023_8,2023,8,de_vries,alphatauri,18,13.674285714285714,2022,2023,0.95
max_verstappen_2023_9,2023,9,max_verstappen,red_bull,1,3.0228571428571427,2022,2023,0.95
leclerc_2023_9,2023,9,leclerc,ferrari,2,3.7485714285714287,2022,2023,0.95
perez_2023_9,2023,9,perez,red_bull,3,7.217142857142857,2022,2023,0.95
norris_2023_9,2023,9,norris,mclaren,4,7.8028571428571425,2022,2023,0.95
alonso_2023_9,2023,9,alonso,aston_martin,5,5.642857142857143,2022,2023,0.95
sainz_2023_9,2023,9,sainz,ferrari,6,3.817142857142857,2022,2023,0.95
russell_2023_9,2023,9,russell,mercedes,7,7.062857142857143,2022,2023,0.95
hamilton_2023_9,2023,9,hamilton,mercedes,8,5.425714285714286,2022,2023,0.95
stroll_2023_9,2023,9,stroll,aston_martin,9,7.92,2022,2023,0.95
gasly_2023_9,2023,9,gasly,alpine,10,8.454285714285714,2022,2023,0.95
albon_2023_9,2023,9,albon,williams,11,12.425714285714285,2022,2023,0.95
zhou_2023_9,2023,9,zhou,alfa,12,13.388571428571428,2022,2023,0.95
sargeant_2023_9,2023,9,sargeant,williams,13,15.84,2022,2023,0.95
ocon_2023_9,2023,9,ocon,alpine,14,8.808571428571428,2022,2023,0.95
bottas_2023_9,2023,9,bottas,alfa,15,12.314285714285715,2022,2023,0.95
piastri_2023_9,2023,9,piastri,mclaren,16,11.971428571428572,2022,2023,0.95
de_vries_2023_9,2023,9,de_vries,alphatauri,17,13.571428571428571,2022,2023,0.95
kevin_magnussen_2023_9,2023,9,kevin_magnussen,haas,18,14.191428571428572,2022,2023,0.95
tsunoda_2023_9,2023,9,tsunoda,alphatauri,19,12.937142857142858,2022,2023,0.95
max_verstappen_2023_10,2023,10,max_verstappen,red_bull,1,3.282857142857143,2022,2023,0.95
norris_2023_10,2023,10,norris,mclaren,2,7.557142857142857,2022,2023,0.95
hamilton_2023_10,2023,10,hamilton,mercedes,3,5.994285714285715,2022,2023,0.95
piastri_2023_10,2023,10,piastri,mclaren,4,9.871428571428572,2022,2023,0.95
russell_2023_10,2023,10,russell,mercedes,5,5.765714285714286,2022,2023,0.95
perez_2023_10,2023,10,perez,red_bull,6,8.062857142857142,2022,2023,0.95
alonso_2023_10,2023,10,alonso,aston_martin,7,7.151428571428571,2022,2023,0.95
albon_2023_10,2023,10,albon,williams,8,11.991428571428571,2022,2023,0.95
leclerc_2023_10,2023,10,leclerc,ferrari,9,3.8057142857142856,2022,2023,0.95
sainz_2023_10,2023,10,sainz,ferrari,10,4.242857142857143,2022,2023,0.95
sargeant_2023_10,2023,10,sargeant,williams,11,15.302857142857142,2022,2023,0.95
bottas_2023_10,2023,10,bottas,alfa,12,12.42,2022,2023,0.95
hulkenberg_2023_10,2023,10,hulkenberg,haas,13,12.768571428571429,2022,2023,0.95
stroll_2023_10,2023,10,stroll,aston_martin,14,8.86,2022,2023,0.95
zhou_2023_10,2023,10,zhou,alfa,15,13.088571428571429,2022,2023,0.95
tsunoda_2023_10,2023,10,tsunoda,alphatauri,16,13.054285714285715,2022,2023,0.95
de_vries_2023_10,2023,10,de_vries,alphatauri,17,13.545714285714286,2022,2023,0.95
max_verstappen_2023_11,2023,11,max_verstappen,red_bull,1,3.525714285714286,2022,2023,0.95
norris_2023_11,2023,11,norris,mclaren,2,6.914285714285715,2022,2023,0.95
perez_2023_11,2023,11,perez,red_bull,3,6.137142857142857,2022,2023,0.95
hamilton_2023_11,2023,11,hamilton,mercedes,4,5.214285714285714,2022,2023,0.95
piastri_2023_11,2023,11,piastri,mclaren,5,9.242857142857142,2022,2023,0.95
russell_2023_11,2023,11,russell,mercedes,6,7.888571428571429,2022,2023,0.95
leclerc_2023_11,2023,11,leclerc,ferrari,7,5.105714285714286,2022,2023,0.95
sainz_2023_11,2023,11,sainz,ferrari,8,5.962857142857143,2022,2023,0.95
alonso_2023_11,2023,11,alonso,aston_martin,9,7.062857142857143,2022,2023,0.95
stroll_2023_11,2023,11,stroll,aston_martin,10,10.522857142857143,2022,2023,0.95
albon_2023_11,2023,11,albon,williams,11,13.385714285714286,2022,2023,0.95
bottas_2023_11,2023,11,bottas,alfa,12,10.09142857142857,2022,2023,0.95
ricciardo_2023_11,2023,11,ricciardo,alphatauri,13,11.517142857142858,2022,2023,0.95
hulkenberg_2023_11,2023,11,hulkenberg,haas,14,12.742857142857142,2022,2023,0.95
tsunoda_2023_11,2023,11,tsunoda,alphatauri,15,14.562857142857142,2022,2023,0.95
zhou_2023_11,2023,11,zhou,alfa,16,10.542857142857143,2022,2023,0.95
kevin_magnussen_2023_11,2023,11,kevin_magnussen,haas,17,14.022857142857143,2022,2023,0.95
max_verstappen_2023_12,2023,12,max_verstappen,red_bull,1,3.3142857142857145,2022,2023,0.95
perez_2023_12,2023,12,perez,red_bull,2,3.9914285714285715,2022,2023,0.95
leclerc_2023_12,2023,12,leclerc,ferrari,3,3.8514285714285714,2022,2023,0.95
hamilton_2023_12,2023,12,hamilton,mercedes,4,5.508571428571429,2022,2023,0.95
alonso_2023_12,2023,12,alonso,aston_martin,5,7.882857142857143,2022,2023,0.95
russell_2023_12,2023,12,russell,mercedes,6,6.645714285714286,2022,2023,0.95
norris_2023_12,2023,12,norris,mclaren,7,7.322857142857143,2022,2023,0.95
ocon_2023_12,2023,12,ocon,alpine,8,11.294285714285714,2022,2023,0.95
stroll_2023_12,2023,12,stroll,aston_martin,9,8.862857142857143,2022,2023,0.95
tsunoda_2023_12,2023,12,tsunoda,alphatauri,10,11.968571428571428,2022,2023,0.95
gasly_2023_12,2023,12,gasly,alpine,11,9.294285714285714,2022,2023,0.95
bottas_2023_12,2023,12,bottas,alfa,12,11.782857142857143,2022,2023,0.95
zhou_2023_12,2023,12,zhou,alfa,13,13.131428571428572,2022,2023,0.95
albon_2023_12,2023,12,albon,williams,14,13.131428571428572,2022,2023,0.95
kevin_magnussen_2023_12,2023,12,kevin_magnussen,haas,15,13.025714285714285,2022,2023,0.95
ricciardo_2023_12,2023,12,ricciardo,alphatauri,16,12.24,2022,2023,0.95
sargeant_2023_12,2023,12,sargeant,williams,17,14.98,2022,2023,0.95
hulkenberg_2023_12,2023,12,hulkenberg,haas,18,14.02,2022,2023,0.95
max_verstappen_2023_13,2023,13,max_verstappen,red_bull,1,3.3057142857142856,2022,2023,0.95
alonso_2023_13,2023,13,alonso,aston_martin,2,5.902857142857143,2022,2023,0.95
gasly_2023_13,2023,13,gasly,alpine,3,10.305714285714286,2022,2023,0.95
perez_2023_13,2023,13,perez,red_bull,4,5.08,2022,2023,0.95
sainz_2023_13,2023,13,sainz,ferrari,5,5.191428571428571,2022,2023,0.95
hamilton_2023_13,2023,13,hamilton,mercedes,6,7.508571428571429,2022,2023,0.95
norris_2023_13,2023,13,norris,mclaren,7,6.117142857142857,2022,2023,0.95
albon_2023_13,2023,13,albon,williams,8,10.314285714285715,2022,2023,0.95
piastri_2023_13,2023,13,piastri,mclaren,9,9.59142857142857,2022,2023,0.95
ocon_2023_13,2023,13,ocon,alpine,10,12.071428571428571,2022,2023,0.95
stroll_2023_13,2023,13,stroll,aston_martin,11,9.537142857142857,2022,2023,0.95
hulkenberg_2023_13,2023,13,hulkenberg,haas,12,14.311428571428571,2022,2023,0.95
lawson_2023_13,2023,13,lawson,alphatauri,13,12.791428571428572,2022,2023,0.95
bottas_2023_13,2023,13,bottas,alfa,14,12.342857142857143,2022,2023,0.95
tsunoda_2023_13,2023,13,tsunoda,alphatauri,15,13.425714285714285,2022,2023,0.95
kevin_magnussen_2023_13,2023,13,kevin_magnussen,haas,16,13.608571428571429,2022,2023,0.95
russell_2023_13,2023,13,russell,mercedes,17,4.911428571428571,2022,2023,0.95
max_verstappen_2023_14,2023,14,max_verstappen,red_bull,1,3.5142857142857142,2022,2023,0.95
perez_2023_14,2023,14,perez,red_bull,2,4.6257142857142854,2022,2023,0.95
sainz_2023_14,2023,14,sainz,ferrari,3,3.3971428571428572,2022,2023,0.95
leclerc_2023_14,2023,14,leclerc,ferrari,4,3.5114285714285716,2022,2023,0.95
russell_2023_14,2023,14,russell,mercedes,5,5.1971428571428575,2022,2023,0.95
hamilton_2023_14,2023,14,hamilton,mercedes,6,7.3428571428571425,2022,2023,0.95
albon_2023_14,2023,14,albon,williams,7,10.642857142857142,2022,2023,0.95
norris_2023_14,2023,14,norris,mclaren,8,8.09142857142857,2022,2023,0.95
alonso_2023_14,2023,14,alonso,aston_martin,9,7.9314285714285715,2022,2023,0.95
bottas_2023_14,2023,14,bottas,alfa,10,12.505714285714285,2022,2023,0.95
lawson_2023_14,2023,14,lawson,alphatauri,11,10.96,2022,2023,0.95
piastri_2023_14,2023,14,piastri,mclaren,12,8.548571428571428,2022,2023,0.95
sargeant_2023_14,2023,14,sargeant,williams,13,14.425714285714285,2022,2023,0.95
zhou_2023_14,2023,14,zhou,alfa,14,13.151428571428571,2022,2023,0.95
gasly_2023_14,2023,14,gasly,alpine,15,11.305714285714286,2022,2023,0.95
stroll_2023_14,2023,14,stroll,aston_martin,16,11.4,2022,2023,0.95
hulkenberg_2023_14,2023,14,hulkenberg,haas,17,13.514285714285714,2022,2023,0.95
kevin_magnussen_2023_14,2023,14,kevin_magnussen,haas,18,14.137142857142857,2022,2023,0.95
sainz_2023_15,2023,15,sainz,ferrari,1,2.6742857142857144,2022,2023,0.95
norris_2023_15,2023,15,norris,mclaren,2,6.268571428571429,2022,2023,0.95
hamilton_2023_15,2023,15,hamilton,mercedes,3,6.014285714285714,2022,2023,0.95
leclerc_2023_15,2023,15,leclerc,ferrari,4,3.065714285714286,2022,2023,0.95
max_verstappen_2023_15,2023,15,max_verstappen,red_bull,5,6.857142857142857,2022,2023,0.95
gasly_2023_15,2023,15,gasly,alpine,6,9.262857142857143,2022,2023,0.95
piastri_2023_15,2023,15,piastri,mclaren,7,11.925714285714285,2022,2023,0.95
perez_2023_15,2023,15,perez,red_bull,8,8.202857142857143,2022,2023,0.95
lawson_2023_15,2023,15,lawson,alphatauri,9,10.108571428571429,2022,2023,0.95
kevin_magnussen_2023_15,2023,15,kevin_magnussen,haas,10,10.585714285714285,2022,2023,0.95
albon_2023_15,2023,15,albon,williams,11,12.437142857142858,2022,2023,0.95
zhou_2023_15,2023,15,zhou,alfa,12,13.371428571428572,2022,2023,0.95
hulkenberg_2023_15,2023,15,hulkenberg,haas,13,11.831428571428571,2022,2023,0.95
sargeant_2023_15,2023,15,sargeant,williams,14,14.92,2022,2023,0.95
alonso_2023_15,2023,15,alonso,aston_martin,15,6.548571428571429,2022,2023,0.95
max_verstappen_2023_16,2023,16,max_verstappen,red_bull,1,2.5485714285714285,2022,2023,0.95
norris_2023_16,2023,16,norris,mclaren,2,5.922857142857143,2022,2023,0.95
piastri_2023_16,2023,16,piastri,mclaren,3,7.962857142857143,2022,2023,0.95
leclerc_2023_16,2023,16,leclerc,ferrari,4,3.382857142857143,2022,2023,0.95
hamilton_2023_16,2023,16,hamilton,mercedes,5,5.845714285714286,2022,2023,0.95
sainz_2023_16,2023,16,sainz,ferrari,6,4.414285714285715,2022,2023,0.95
russell_2023_16,2023,16,russell,mercedes,7,6.808571428571429,2022,2023,0.95
alonso_2023_16,2023,16,alonso,aston_martin,8,8.98857142857143,2022,2023,0.95
ocon_2023_16,2023,16,ocon,alpine,9,12.188571428571429,2022,2023,0.95
gasly_2023_16,2023,16,gasly,alpine,10,9.691428571428572,2022,2023,0.95
lawson_2023_16,2023,16,lawson,alphatauri,11,10.602857142857143,2022,2023,0.95
tsunoda_2023_16,2023,16,tsunoda,alphatauri,12,11.28,2022,2023,0.95
zhou_2023_16,2023,16,zhou,alfa,13,13.631428571428572,2022,2023,0.95
hulkenberg_2023_16,2023,16,hulkenberg,haas,14,14.585714285714285,2022,2023,0.95
kevin_magnussen_2023_16,2023,16,kevin_magnussen,haas,15,13.317142857142857,2022,2023,0.95
max_verstappen_2023_17,2023,17,max_verstappen,red_bull,1,2.702857142857143,2022,2023,0.95
piastri_2023_17,2023,17,piastri,mclaren,2,8.285714285714286,2022,2023,0.95
norris_2023_17,2023,17,norris,mclaren,3,8.697142857142858,2022,2023,0.95
russell_2023_17,2023,17,russell,mercedes,4,5.037142857142857,2022,2023,0.95
leclerc_2023_17,2023,17,leclerc,ferrari,5,3.942857142857143,2022,2023,0.95
alonso_2023_17,2023,17,alonso,aston_martin,6,6.774285714285714,2022,2023,0.95
ocon_2023_17,2023,17,ocon,alpine,7,9.231428571428571,2022,2023,0.95
bottas_2023_17,2023,17,bottas,alfa,8,10.52,2022,2023,0.95
zhou_2023_17,2023,17,zhou,alfa,9,13.734285714285715,2022,2023,0.95
perez_2023_17,2023,17,perez,red_bull,10,8.117142857142857,2022,2023,0.95
stroll_2023_17,2023,17,stroll,aston_martin,11,11.642857142857142,2022,2023,0.95
gasly_2023_17,2023,17,gasly,alpine,12,8.028571428571428,2022,2023,0.95
albon_2023_17,2023,17,albon,williams,13,12.93142857142857,2022,2023,0.95
kevin_magnussen_2023_17,2023,17,kevin_magnussen,haas,14,14.162857142857144,2022,2023,0.95
tsunoda_2023_17,2023,17,tsunoda,alphatauri,15,11.6,2022,2023,0.95
hulkenberg_2023_17,2023,17,hulkenberg,haas,16,14.2,2022,2023,0.95
lawson_2023_17,2023,17,lawson,alphatauri,17,12.957142857142857,2022,2023,0.95
max_verstappen_2023_18,2023,18,max_verstappen,red_bull,1,4.285714285714286,2022,2023,0.95
norris_2023_18,2023,18,norris,mclaren,2,6.045714285714285,2022,2023,0.95
sainz_2023_18,2023,18,sainz,ferrari,3,3.5228571428571427,2022,2023,0.95
perez_2023_18,2023,18,perez,red_bull,4,6.711428571428572,2022,2023,0.95
russell_2023_18,2023,18,russell,mercedes,5,5.2628571428571425,2022,2023,0.95
gasly_2023_18,2023,18,gasly,alpine,6,8.371428571428572,2022,2023,0.95
stroll_2023_18,2023,18,stroll,aston_martin,7,11.002857142857144,2022,2023,0.95
tsunoda_2023_18,2023,18,tsunoda,alphatauri,8,11.722857142857142,2022,2023,0.95
albon_2023_18,2023,18,albon,williams,9,13.282857142857143,2022,2023,0.95
sargeant_2023_18,2023,18,sargeant,williams,10,14.17142857142857,2022,2023,0.95
hulkenberg_2023_18,2023,18,hulkenberg,haas,11,13.968571428571428,2022,2023,0.95
bottas_2023_18,2023,18,bottas,alfa,12,11.771428571428572,2022,2023,0.95
zhou_2023_18,2023,18,zhou,alfa,13,12.1,2022,2023,0.95
kevin_magnussen_2023_18,2023,18,kevin_magnussen,haas,14,13.268571428571429,2022,2023,0.95
ricciardo_2023_18,2023,18,ricciardo,alphatauri,15,12.388571428571428,2022,2023,0.95
max_verstappen_2023_19,2023,19,max_verstappen,red_bull,1,3.3657142857142857,2022,2023,0.95
hamilton_2023_19,2023,19,hamilton,mercedes,2,5.965714285714285,2022,2023,0.95
leclerc_2023_19,2023,19,leclerc,ferrari,3,3.3514285714285714,2022,2023,0.95
sainz_2023_19,2023,19,sainz,ferrari,4,3.7714285714285714,2022,2023,0.95
norris_2023_19,2023,19,norris,mclaren,5,10.477142857142857,2022,2023,0.95
russell_2023_19,2023,19,russell,mercedes,6,6.5285714285714285,2022,2023,0.95
ricciardo_2023_19,2023,19,ricciardo,alphatauri,7,9.231428571428571,2022,2023,0.95
piastri_2023_19,2023,19,piastri,mclaren,8,7.982857142857143,2022,2023,0.95
albon_2023_19,2023,19,albon,williams,9,13.397142857142857,2022,2023,0.95
ocon_2023_19,2023,19,ocon,alpine,10,11.302857142857142,2022,2023,0.95
gasly_2023_19,2023,19,gasly,alpine,11,9.702857142857143,2022,2023,0.95
tsunoda_2023_19,2023,19,tsunoda,alphatauri,12,13.562857142857142,2022,2023,0.95
hulkenberg_2023_19,2023,19,hulkenberg,haas,13,12.997142857142856,2022,2023,0.95
zhou_2023_19,2023,19,zhou,alfa,14,11.422857142857143,2022,2023,0.95
bottas_2023_19,2023,19,bottas,alfa,15,10.32857142857143,2022,2023,0.95
max_verstappen_2023_20,2023,20,max_verstappen,red_bull,1,3.5542857142857143,2022,2023,0.95
norris_2023_20,2023,20,norris,mclaren,2,7.251428571428572,2022,2023,0.95
alonso_2023_20,2023,20,alonso,aston_martin,3,6.331428571428572,2022,2023,0.95
perez_2023_20,2023,20,perez,red_bull,4,6.402857142857143,2022,2023,0.95
stroll_2023_20,2023,20,stroll,aston_martin,5,8.22,2022,2023,0.95
sainz_2023_20,2023,20,sainz,ferrari,6,5.097142857142857,2022,2023,0.95
gasly_2023_20,2023,20,gasly,alpine,7,11.082857142857144,2022,2023,0.95
hamilton_2023_20,2023,20,hamilton,mercedes,8,5.482857142857143,2022,2023,0.95
tsunoda_2023_20,2023,20,tsunoda,alphatauri,9,12.814285714285715,2022,2023,0.95
ocon_2023_20,2023,20,ocon,alpine,10,10.325714285714286,2022,2023,0.95
sargeant_2023_20,2023,20,sargeant,williams,11,14.362857142857143,2022,2023,0.95
hulkenberg_2023_20,2023,20,hulkenberg,haas,12,12.84,2022,2023,0.95
ricciardo_2023_20,2023,20,ricciardo,alphatauri,13,11.885714285714286,2022,2023,0.95
piastri_2023_20,2023,20,piastri,mclaren,14,8.974285714285715,2022,2023,0.95
max_verstappen_2023_21,2023,21,max_verstappen,red_bull,1,3.5142857142857142,2022,2023,0.95
leclerc_2023_21,2023,21,leclerc,ferrari,2,2.9171428571428573,2022,2023,0.95
perez_2023_21,2023,21,perez,red_bull,3,7.148571428571429,2022,2023,0.95
ocon_2023_21,2023,21,ocon,alpine,4,11.8,2022,2023,0.95
stroll_2023_21,2023,21,stroll,aston_martin,5,11.105714285714285,2022,2023,0.95
sainz_2023_21,2023,21,sainz,ferrari,6,3.74,2022,2023,0.95
hamilton_2023_21,2023,21,hamilton,mercedes,7,7.934285714285714,2022,2023,0.95
russell_2023_21,2023,21,russell,mercedes,8,4.8028571428571425,2022,2023,0.95
alonso_2023_21,2023,21,alonso,aston_martin,9,8.348571428571429,2022,2023,0.95
piastri_2023_21,2023,21,piastri,mclaren,10,11.034285714285714,2022,2023,0.95
gasly_2023_21,2023,21,gasly,alpine,11,7.611428571428571,2022,2023,0.95
albon_2023_21,2023,21,albon,williams,12,9.748571428571429,2022,2023,0.95
kevin_magnussen_2023_21,2023,21,kevin_magnussen,haas,13,10.825714285714286,2022,2023,0.95
ricciardo_2023_21,2023,21,ricciardo,alphatauri,14,11.98857142857143,2022,2023,0.95
zhou_2023_21,2023,21,zhou,alfa,15,13.074285714285715,2022,2023,0.95
sargeant_2023_21,2023,21,sargeant,williams,16,10.151428571428571,2022,2023,0.95
bottas_2023_21,2023,21,bottas,alfa,17,10.642857142857142,2022,2023,0.95
max_verstappen_2023_22,2023,22,max_verstappen,red_bull,1,2.942857142857143,2022,2023,0.95
leclerc_2023_22,2023,22,leclerc,ferrari,2,2.8142857142857145,2022,2023,0.95
russell_2023_22,2023,22,russell,mercedes,3,5.034285714285715,2022,2023,0.95
perez_2023_22,2023,22,perez,red_bull,4,6.362857142857143,2022,2023,0.95
norris_2023_22,2023,22,norris,mclaren,5,6.1,2022,2023,0.95
piastri_2023_22,2023,22,piastri,mclaren,6,8.614285714285714,2022,2023,0.95
alonso_2023_22,2023,22,alonso,aston_martin,7,6.414285714285715,2022,2023,0.95
tsunoda_2023_22,2023,22,tsunoda,alphatauri,8,9.98857142857143,2022,2023,0.95
hamilton_2023_22,2023,22,hamilton,mercedes,9,7.42,2022,2023,0.95
stroll_2023_22,2023,22,stroll,aston_martin,10,10.314285714285715,2022,2023,0.95
ricciardo_2023_22,2023,22,ricciardo,alphatauri,11,12.342857142857143,2022,2023,0.95
ocon_2023_22,2023,22,ocon,alpine,12,9.297142857142857,2022,2023,0.95
gasly_2023_22,2023,22,gasly,alpine,13,10.402857142857142,2022,2023,0.95
albon_2023_22,2023,22,albon,williams,14,12.98857142857143,2022,2023,0.95
hulkenberg_2023_22,2023,22,hulkenberg,haas,15,11.928571428571429,2022,2023,0.95
sargeant_2023_22,2023,22,sargeant,williams,16,14.7,2022,2023,0.95
zhou_2023_22,2023,22,zhou,alfa,17,14.211428571428572,2022,2023,0.95
bottas_2023_22,2023,22,bottas,alfa,19,13.442857142857143,2022,2023,0.95
kevin_magnussen_2023_22,2023,22,kevin_magnussen,haas,20,14.231428571428571,2022,2023,0.95
max_verstappen_2024_1,2024,1,max_verstappen,red_bull,1,1.262857142857143,2023,2024,0.95
perez_2024_1,2024,1,perez,red_bull,2,4.031428571428571,2023,2024,0.95
sainz_2024_1,2024,1,sainz,ferrari,3,4.72,2023,2024,0.95
leclerc_2024_1,2024,1,leclerc,ferrari,4,4.014285714285714,2023,2024,0.95
russell_2024_1,2024,1,russell,mercedes,5,5.445714285714286,2023,2024,0.95
norris_2024_1,2024,1,norris,mclaren,6,5.72,2023,2024,0.95
hamilton_2024_1,2024,1,hamilton,mercedes,7,6.8742857142857146,2023,2024,0.95
piastri_2024_1,2024,1,piastri,mclaren,8,9.248571428571429,2023,2024,0.95
alonso_2024_1,2024,1,alonso,aston_martin,9,5.957142857142857,2023,2024,0.95
stroll_2024_1,2024,1,stroll,aston_martin,10,9.897142857142857,2023,2024,0.95
zhou_2024_1,2024,1,zhou,sauber,11,12.282857142857143,2023,2024,0.95
kevin_magnussen_2024_1,2024,1,kevin_magnussen,haas,12,13.737142857142857,2023,2024,0.95
ricciardo_2024_1,2024,1,ricciardo,rb,13,11.965714285714286,2023,2024,0.95
tsunoda_2024_1,2024,1,tsunoda,rb,14,10.585714285714285,2023,2024,0.95
albon_2024_1,2024,1,albon,williams,15,11.788571428571428,2023,2024,0.95
hulkenberg_2024_1,2024,1,hulkenberg,haas,16,12.42,2023,2024,0.95
ocon_2024_1,2024,1,ocon,alpine,17,11.505714285714285,2023,2024,0.95
gasly_2024_1,2024,1,gasly,alpine,18,12.305714285714286,2023,2024,0.95
bottas_2024_1,2024,1,bottas,sauber,19,12.014285714285714,2023,2024,0.95
sargeant_2024_1,2024,1,sargeant,williams,20,13.771428571428572,2023,2024,0.95
max_verstappen_2024_2,2024,2,max_verstappen,red_bull,1,1.4885714285714287,2023,2024,0.95
perez_2024_2,2024,2,perez,red_bull,2,3.0085714285714285,2023,2024,0.95
leclerc_2024_2,2024,2,leclerc,ferrari,3,3.888571428571429,2023,2024,0.95
piastri_2024_2,2024,2,piastri,mclaren,4,6.751428571428572,2023,2024,0.95
alonso_2024_2,2024,2,alonso,aston_martin,5,5.08,2023,2024,0.95
russell_2024_2,2024,2,russell,mercedes,6,5.905714285714286,2023,2024,0.95
bearman_2024_2,2024,2,bearman,ferrari,7,7.7057142857142855,2023,2024,0.95
norris_2024_2,2024,2,norris,mclaren,8,5.702857142857143,2023,2024,0.95
hamilton_2024_2,2024,2,hamilton,mercedes,9,6.774285714285714,2023,2024,0.95
hulkenberg_2024_2,2024,2,hulkenberg,haas,10,14.017142857142858,2023,2024,0.95
albon_2024_2,2024,2,albon,williams,11,11.911428571428571,2023,2024,0.95
kevin_magnussen_2024_2,2024,2,kevin_magnussen,haas,12,13.217142857142857,2023,2024,0.95
ocon_2024_2,2024,2,ocon,alpine,13,11.74,2023,2024,0.95
sargeant_2024_2,2024,2,sargeant,williams,14,14.337142857142856,2023,2024,0.95
tsunoda_2024_2,2024,2,tsunoda,rb,15,10.434285714285714,2023,2024,0.95
ricciardo_2024_2,2024,2,ricciardo,rb,16,12.057142857142857,2023,2024,0.95
bottas_2024_2,2024,2,bottas,sauber,17,13.122857142857143,2023,2024,0.95
zhou_2024_2,2024,2,zhou,sauber,18,12.768571428571429,2023,2024,0.95
sainz_2024_3,2024,3,sainz,ferrari,1,3.8771428571428572,2023,2024,0.95
leclerc_2024_3,2024,3,leclerc,ferrari,2,5.451428571428571,2023,2024,0.95
norris_2024_3,2024,3,norris,mclaren,3,4.58,2023,2024,0.95
piastri_2024_3,2024,3,piastri,mclaren,4,6.562857142857143,2023,2024,0.95
perez_2024_3,2024,3,perez,red_bull,5,3.6542857142857144,2023,2024,0.95
stroll_2024_3,2024,3,stroll,aston_martin,6,8.322857142857142,2023,2024,0.95
tsunoda_2024_3,2024,3,tsunoda,rb,7,11.162857142857144,2023,2024,0.95
alonso_2024_3,2024,3,alonso,aston_martin,8,8.222857142857142,2023,2024,0.95
hulkenberg_2024_3,2024,3,hulkenberg,haas,9,14.185714285714285,2023,2024,0.95
kevin_magnussen_2024_3,2024,3,kevin_magnussen,haas,10,13.805714285714286,2023,2024,0.95
albon_2024_3,2024,3,albon,williams,11,12.074285714285715,2023,2024,0.95
ricciardo_2024_3,2024,3,ricciardo,rb,12,13.051428571428572,2023,2024,0.95
gasly_2024_3,2024,3,gasly,alpine,13,11.837142857142856,2023,2024,0.95
bottas_2024_3,2024,3,bottas,sauber,14,13.148571428571428,2023,2024,0.95
zhou_2024_3,2024,3,zhou,sauber,15,14.031428571428572,2023,2024,0.95
ocon_2024_3,2024,3,ocon,alpine,16,11.117142857142857,2023,2024,0.95
max_verstappen_2024_4,2024,4,max_verstappen,red_bull,1,1.2657142857142858,2023,2024,0.95
perez_2024_4,2024,4,perez,red_bull,2,3.5028571428571427,2023,2024,0.95
sainz_2024_4,2024,4,sainz,ferrari,3,3.9,2023,2024,0.95
leclerc_2024_4,2024,4,leclerc,ferrari,4,6.06,2023,2024,0.95
norris_2024_4,2024,4,norris,mclaren,5,4.057142857142857,2023,2024,0.95
alonso_2024_4,2024,4,alonso,aston_martin,6,5.368571428571428,2023,2024,0.95
russell_2024_4,2024,4,russell,mercedes,7,6.32,2023,2024,0.95
piastri_2024_4,2024,4,piastri,mclaren,8,5.902857142857143,2023,2024,0.95
hamilton_2024_4,2024,4,hamilton,mercedes,9,6.34,2023,2024,0.95
tsunoda_2024_4,2024,4,tsunoda,rb,10,10.457142857142857,2023,2024,0.95
hulkenberg_2024_4,2024,4,hulkenberg,haas,11,13.102857142857143,2023,2024,0.95
stroll_2024_4,2024,4,stroll,aston_martin,12,9.848571428571429,2023,2024,0.95
kevin_magnussen_2024_4,2024,4,kevin_magnussen,haas,13,14.062857142857142,2023,2024,0.95
bottas_2024_4,2024,4,bottas,sauber,14,13.22,2023,2024,0.95
ocon_2024_4,2024,4,ocon,alpine,15,11.191428571428572,2023,2024,0.95
gasly_2024_4,2024,4,gasly,alpine,16,12.097142857142858,2023,2024,0.95
sargeant_2024_4,2024,4,sargeant,williams,17,14.52,2023,2024,0.95
max_verstappen_2024_5,2024,5,max_verstappen,red_bull,1,1.4428571428571428,2023,2024,0.95
norris_2024_5,2024,5,norris,mclaren,2,4.271428571428571,2023,2024,0.95
perez_2024_5,2024,5,perez,red_bull,3,3.565714285714286,2023,2024,0.95
leclerc_2024_5,2024,5,leclerc,ferrari,4,5.822857142857143,2023,2024,0.95
sainz_2024_5,2024,5,sainz,ferrari,5,5.557142857142857,2023,2024,0.95
russell_2024_5,2024,5,russell,mercedes,6,6.345714285714286,2023,2024,0.95
alonso_2024_5,2024,5,alonso,aston_martin,7,4.757142857142857,2023,2024,0.95
piastri_2024_5,2024,5,piastri,mclaren,8,5.711428571428572,2023,2024,0.95
hamilton_2024_5,2024,5,hamilton,mercedes,9,9.362857142857143,2023,2024,0.95
hulkenberg_2024_5,2024,5,hulkenberg,haas,10,11.971428571428572,2023,2024,0.95
ocon_2024_5,2024,5,ocon,alpine,11,10.962857142857143,2023,2024,0.95
albon_2024_5,2024,5,albon,williams,12,12.294285714285714,2023,2024,0.95
gasly_2024_5,2024,5,gasly,alpine,13,12.288571428571428,2023,2024,0.95
zhou_2024_5,2024,5,zhou,sauber,14,14.397142857142857,2023,2024,0.95
stroll_2024_5,2024,5,stroll,aston_martin,15,9.957142857142857,2023,2024,0.95
kevin_magnussen_2024_5,2024,5,kevin_magnussen,haas,16,14.305714285714286,2023,2024,0.95
sargeant_2024_5,2024,5,sargeant,williams,17,14.851428571428572,2023,2024,0.95
norris_2024_6,2024,6,norris,mclaren,1,5.268571428571429,2023,2024,0.95
max_verstappen_2024_6,2024,6,max_verstappen,red_bull,2,1.5257142857142858,2023,2024,0.95
leclerc_2024_6,2024,6,leclerc,ferrari,3,3.7257142857142855,2023,2024,0.95
perez_2024_6,2024,6,perez,red_bull,4,4.011428571428572,2023,2024,0.95
sainz_2024_6,2024,6,sainz,ferrari,5,3.6742857142857144,2023,2024,0.95
hamilton_2024_6,2024,6,hamilton,mercedes,6,7.288571428571428,2023,2024,0.95
tsunoda_2024_6,2024,6,tsunoda,rb,7,10.54,2023,2024,0.95
russell_2024_6,2024,6,russell,mercedes,8,6.688571428571429,2023,2024,0.95
alonso_2024_6,2024,6,alonso,aston_martin,9,10.065714285714286,2023,2024,0.95
ocon_2024_6,2024,6,ocon,alpine,10,11.634285714285713,2023,2024,0.95
hulkenberg_2024_6,2024,6,hulkenberg,haas,11,11.76,2023,2024,0.95
gasly_2024_6,2024,6,gasly,alpine,12,10.937142857142858,2023,2024,0.95
piastri_2024_6,2024,6,piastri,mclaren,13,6.562857142857143,2023,2024,0.95
zhou_2024_6,2024,6,zhou,sauber,14,15.142857142857142,2023,2024,0.95
ricciardo_2024_6,2024,6,ricciardo,rb,15,13.402857142857142,2023,2024,0.95
bottas_2024_6,2024,6,bottas,sauber,16,14.717142857142857,2023,2024,0.95
stroll_2024_6,2024,6,stroll,aston_martin,17,10.8,2023,2024,0.95
albon_2024_6,2024,6,albon,williams,18,13.002857142857144,2023,2024,0.95
kevin_magnussen_2024_6,2024,6,kevin_magnussen,haas,19,15.222857142857142,2023,2024,0.95
max_verstappen_2024_7,2024,7,max_verstappen,red_bull,1,1.4514285714285715,2023,2024,0.95
norris_2024_7,2024,7,norris,mclaren,2,4.434285714285714,2023,2024,0.95
leclerc_2024_7,2024,7,leclerc,ferrari,3,4.6571428571428575,2023,2024,0.95
piastri_2024_7,2024,7,piastri,mclaren,4,6.457142857142857,2023,2024,0.95
sainz_2024_7,2024,7,sainz,ferrari,5,5.368571428571428,2023,2024,0.95
hamilton_2024_7,2024,7,hamilton,mercedes,6,6.902857142857143,2023,2024,0.95
russell_2024_7,2024,7,russell,mercedes,7,6.468571428571429,2023,2024,0.95
perez_2024_7,2024,7,perez,red_bull,8,6.862857142857143,2023,2024,0.95
stroll_2024_7,2024,7,stroll,aston_martin,9,10.402857142857142,2023,2024,0.95
tsunoda_2024_7,2024,7,tsunoda,rb,10,8.90857142857143,2023,2024,0.95
hulkenberg_2024_7,2024,7,hulkenberg,haas,11,11.52,2023,2024,0.95
kevin_magnussen_2024_7,2024,7,kevin_magnussen,haas,12,14.482857142857142,2023,2024,0.95
ricciardo_2024_7,2024,7,ricciardo,rb,13,10.3,2023,2024,0.95
ocon_2024_7,2024,7,ocon,alpine,14,10.43142857142857,2023,2024,0.95
zhou_2024_7,2024,7,zhou,sauber,15,13.982857142857142,2023,2024,0.95
gasly_2024_7,2024,7,gasly,alpine,16,12.374285714285714,2023,2024,0.95
sargeant_2024_7,2024,7,sargeant,williams,17,14.074285714285715,2023,2024,0.95
bottas_2024_7,2024,7,bottas,sauber,18,14.411428571428571,2023,2024,0.95
alonso_2024_7,2024,7,alonso,aston_martin,19,9.96,2023,2024,0.95
leclerc_2024_8,2024,8,leclerc,ferrari,1,3.2742857142857145,2023,2024,0.95
piastri_2024_8,2024,8,piastri,mclaren,2,5.411428571428571,2023,2024,0.95
sainz_2024_8,2024,8,sainz,ferrari,3,4.222857142857142,2023,2024,0.95
norris_2024_8,2024,8,norris,mclaren,4,4.288571428571428,2023,2024,0.95
russell_2024_8,2024,8,russell,mercedes,5,6.445714285714286,2023,2024,0.95
max_verstappen_2024_8,2024,8,max_verstappen,red_bull,6,2.9685714285714284,2023,2024,0.95
hamilton_2024_8,2024,8,hamilton,mercedes,7,6.605714285714286,2023,2024,0.95
tsunoda_2024_8,2024,8,tsunoda,rb,8,9.402857142857142,2023,2024,0.95
albon_2024_8,2024,8,albon,williams,9,11.274285714285714,2023,2024,0.95
gasly_2024_8,2024,8,gasly,alpine,10,10.717142857142857,2023,2024,0.95
alonso_2024_8,2024,8,alonso,aston_martin,11,10.46,2023,2024,0.95
ricciardo_2024_8,2024,8,ricciardo,rb,12,11.285714285714286,2023,2024,0.95
bottas_2024_8,2024,8,bottas,sauber,13,15.402857142857142,2023,2024,0.95
stroll_2024_8,2024,8,stroll,aston_martin,14,10.394285714285715,2023,2024,0.95
sargeant_2024_8,2024,8,sargeant,williams,15,14.062857142857142,2023,2024,0.95
zhou_2024_8,2024,8,zhou,sauber,16,15.034285714285714,2023,2024,0.95
max_verstappen_2024_9,2024,9,max_verstappen,red_bull,1,2.3314285714285714,2023,2024,0.95
norris_2024_9,2024,9,norris,mclaren,2,4.014285714285714,2023,2024,0.95
russell_2024_9,2024,9,russell,mercedes,3,6.174285714285714,2023,2024,0.95
hamilton_2024_9,2024,9,hamilton,mercedes,4,6.894285714285714,2023,2024,0.95
piastri_2024_9,2024,9,piastri,mclaren,5,4.945714285714286,2023,2024,0.95
alonso_2024_9,2024,9,alonso,aston_martin,6,7.877142857142857,2023,2024,0.95
stroll_2024_9,2024,9,stroll,aston_martin,7,9.025714285714285,2023,2024,0.95
ricciardo_2024_9,2024,9,ricciardo,rb,8,9.294285714285714,2023,2024,0.95
gasly_2024_9,2024,9,gasly,alpine,9,11.58,2023,2024,0.95
ocon_2024_9,2024,9,ocon,alpine,10,12.548571428571428,2023,2024,0.95
hulkenberg_2024_9,2024,9,hulkenberg,haas,11,13.668571428571429,2023,2024,0.95
kevin_magnussen_2024_9,2024,9,kevin_magnussen,haas,12,13.985714285714286,2023,2024,0.95
bottas_2024_9,2024,9,bottas,sauber,13,15.208571428571428,2023,2024,0.95
tsunoda_2024_9,2024,9,tsunoda,rb,14,8.971428571428572,2023,2024,0.95
zhou_2024_9,2024,9,zhou,sauber,15,14.914285714285715,2023,2024,0.95
max_verstappen_2024_10,2024,10,max_verstappen,red_bull,1,1.9457142857142857,2023,2024,0.95
norris_2024_10,2024,10,norris,mclaren,2,4.182857142857143,2023,2024,0.95
hamilton_2024_10,2024,10,hamilton,mercedes,3,6.611428571428571,2023,2024,0.95
russell_2024_10,2024,10,russell,mercedes,4,7.348571428571429,2023,2024,0.95
leclerc_2024_10,2024,10,leclerc,ferrari,5,4.768571428571429,2023,2024,0.95
sainz_2024_10,2024,10,sainz,ferrari,6,5.497142857142857,2023,2024,0.95
piastri_2024_10,2024,10,piastri,mclaren,7,7.828571428571428,2023,2024,0.95
perez_2024_10,2024,10,perez,red_bull,8,5.305714285714286,2023,2024,0.95
gasly_2024_10,2024,10,gasly,alpine,9,10.108571428571429,2023,2024,0.95
ocon_2024_10,2024,10,ocon,alpine,10,10.917142857142856,2023,2024,0.95
hulkenberg_2024_10,2024,10,hulkenberg,haas,11,13.357142857142858,2023,2024,0.95
alonso_2024_10,2024,10,alonso,aston_martin,12,9.528571428571428,2023,2024,0.95
zhou_2024_10,2024,10,zhou,sauber,13,14.52,2023,2024,0.95
stroll_2024_10,2024,10,stroll,aston_martin,14,10.848571428571429,2023,2024,0.95
ricciardo_2024_10,2024,10,ricciardo,rb,15,12.651428571428571,2023,2024,0.95
bottas_2024_10,2024,10,bottas,sauber,16,13.814285714285715,2023,2024,0.95
kevin_magnussen_2024_10,2024,10,kevin_magnussen,haas,17,14.857142857142858,2023,2024,0.95
albon_2024_10,2024,10,albon,williams,18,14.308571428571428,2023,2024,0.95
tsunoda_2024_10,2024,10,tsunoda,rb,19,11.56857142857143,2023,2024,0.95
sargeant_2024_10,2024,10,sargeant,williams,20,15.194285714285714,2023,2024,0.95
russell_2024_11,2024,11,russell,mercedes,1,6.671428571428572,2023,2024,0.95
piastri_2024_11,2024,11,piastri,mclaren,2,6.371428571428571,2023,2024,0.95
sainz_2024_11,2024,11,sainz,ferrari,3,4.691428571428571,2023,2024,0.95
hamilton_2024_11,2024,11,hamilton,mercedes,4,6.1257142857142854,2023,2024,0.95
max_verstappen_2024_11,2024,11,max_verstappen,red_bull,5,1.4857142857142858,2023,2024,0.95
hulkenberg_2024_11,2024,11,hulkenberg,haas,6,12.40857142857143,2023,2024,0.95
perez_2024_11,2024,11,perez,red_bull,7,4.805714285714286,2023,2024,0.95
kevin_magnussen_2024_11,2024,11,kevin_magnussen,haas,8,13.457142857142857,2023,2024,0.95
ricciardo_2024_11,2024,11,ricciardo,rb,9,11.385714285714286,2023,2024,0.95
gasly_2024_11,2024,11,gasly,alpine,10,11.06857142857143,2023,2024,0.95
leclerc_2024_11,2024,11,leclerc,ferrari,11,5.282857142857143,2023,2024,0.95
ocon_2024_11,2024,11,ocon,alpine,12,10.477142857142857,2023,2024,0.95
stroll_2024_11,2024,11,stroll,aston_martin,13,11.12,2023,2024,0.95
tsunoda_2024_11,2024,11,tsunoda,rb,14,12.148571428571428,2023,2024,0.95
albon_2024_11,2024,11,albon,williams,15,13.282857142857143,2023,2024,0.95
bottas_2024_11,2024,11,bottas,sauber,16,15.588571428571429,2023,2024,0.95
zhou_2024_11,2024,11,zhou,sauber,17,14.705714285714286,2023,2024,0.95
alonso_2024_11,2024,11,alonso,aston_martin,18,10.368571428571428,2023,2024,0.95
sargeant_2024_11,2024,11,sargeant,williams,19,14.951428571428572,2023,2024,0.95
norris_2024_11,2024,11,norris,mclaren,20,3.894285714285714,2023,2024,0.95
hamilton_2024_12,2024,12,hamilton,mercedes,1,5.368571428571428,2023,2024,0.95
max_verstappen_2024_12,2024,12,max_verstappen,red_bull,2,2.2314285714285713,2023,2024,0.95
norris_2024_12,2024,12,norris,mclaren,3,4.7628571428571425,2023,2024,0.95
piastri_2024_12,2024,12,piastri,mclaren,4,5.128571428571429,2023,2024,0.95
sainz_2024_12,2024,12,sainz,ferrari,5,6.16,2023,2024,0.95
hulkenberg_2024_12,2024,12,hulkenberg,haas,6,10.702857142857143,2023,2024,0.95
stroll_2024_12,2024,12,stroll,aston_martin,7,8.254285714285714,2023,2024,0.95
alonso_2024_12,2024,12,alonso,aston_martin,8,8.94,2023,2024,0.95
albon_2024_12,2024,12,albon,williams,9,11.32,2023,2024,0.95
tsunoda_2024_12,2024,12,tsunoda,rb,10,11.657142857142857,2023,2024,0.95
sargeant_2024_12,2024,12,sargeant,williams,11,13.528571428571428,2023,2024,0.95
kevin_magnussen_2024_12,2024,12,kevin_magnussen,haas,12,14.051428571428572,2023,2024,0.95
ricciardo_2024_12,2024,12,ricciardo,rb,13,12.04,2023,2024,0.95
leclerc_2024_12,2024,12,leclerc,ferrari,14,7.08,2023,2024,0.95
bottas_2024_12,2024,12,bottas,sauber,15,14.51142857142857,2023,2024,0.95
ocon_2024_12,2024,12,ocon,alpine,16,12.42,2023,2024,0.95
perez_2024_12,2024,12,perez,red_bull,17,8.137142857142857,2023,2024,0.95
zhou_2024_12,2024,12,zhou,sauber,18,13.745714285714286,2023,2024,0.95
piastri_2024_13,2024,13,piastri,mclaren,1,4.614285714285714,2023,2024,0.95
norris_2024_13,2024,13,norris,mclaren,2,4.831428571428572,2023,2024,0.95
hamilton_2024_13,2024,13,hamilton,mercedes,3,5.765714285714286,2023,2024,0.95
leclerc_2024_13,2024,13,leclerc,ferrari,4,6.377142857142857,2023,2024,0.95
max_verstappen_2024_13,2024,13,max_verstappen,red_bull,5,1.9542857142857142,2023,2024,0.95
sainz_2024_13,2024,13,sainz,ferrari,6,4.711428571428572,2023,2024,0.95
perez_2024_13,2024,13,perez,red_bull,7,7.9,2023,2024,0.95
russell_2024_13,2024,13,russell,mercedes,8,6.968571428571429,2023,2024,0.95
tsunoda_2024_13,2024,13,tsunoda,rb,9,10.9,2023,2024,0.95
stroll_2024_13,2024,13,stroll,aston_martin,10,9.01142857142857,2023,2024,0.95
alonso_2024_13,2024,13,alonso,aston_martin,11,8.951428571428572,2023,2024,0.95
ricciardo_2024_13,2024,13,ricciardo,rb,12,10.802857142857142,2023,2024,0.95
hulkenberg_2024_13,2024,13,hulkenberg,haas,13,11.26,2023,2024,0.95
albon_2024_13,2024,13,albon,williams,14,12.611428571428572,2023,2024,0.95
kevin_magnussen_2024_13,2024,13,kevin_magnussen,haas,15,13.92,2023,2024,0.95
bottas_2024_13,2024,13,bottas,sauber,16,14.2,2023,2024,0.95
sargeant_2024_13,2024,13,sargeant,williams,17,14.468571428571428,2023,2024,0.95
ocon_2024_13,2024,13,ocon,alpine,18,12.585714285714285,2023,2024,0.95
zhou_2024_13,2024,13,zhou,sauber,19,14.888571428571428,2023,2024,0.95
hamilton_2024_14,2024,14,hamilton,mercedes,1,5.182857142857143,2023,2024,0.95
piastri_2024_14,2024,14,piastri,mclaren,2,5.3028571428571425,2023,2024,0.95
leclerc_2024_14,2024,14,leclerc,ferrari,3,4.368571428571428,2023,2024,0.95
max_verstappen_2024_14,2024,14,max_verstappen,red_bull,4,2.382857142857143,2023,2024,0.95
norris_2024_14,2024,14,norris,mclaren,5,5.708571428571428,2023,2024,0.95
sainz_2024_14,2024,14,sainz,ferrari,6,6.388571428571429,2023,2024,0.95
perez_2024_14,2024,14,perez,red_bull,7,4.465714285714285,2023,2024,0.95
alonso_2024_14,2024,14,alonso,aston_martin,8,9.0,2023,2024,0.95
ocon_2024_14,2024,14,ocon,alpine,9,10.682857142857143,2023,2024,0.95
ricciardo_2024_14,2024,14,ricciardo,rb,10,11.254285714285714,2023,2024,0.95
stroll_2024_14,2024,14,stroll,aston_martin,11,10.374285714285714,2023,2024,0.95
albon_2024_14,2024,14,albon,williams,12,11.82,2023,2024,0.95
gasly_2024_14,2024,14,gasly,alpine,13,10.268571428571429,2023,2024,0.95
kevin_magnussen_2024_14,2024,14,kevin_magnussen,haas,14,14.031428571428572,2023,2024,0.95
bottas_2024_14,2024,14,bottas,sauber,15,14.414285714285715,2023,2024,0.95
tsunoda_2024_14,2024,14,tsunoda,rb,16,12.074285714285715,2023,2024,0.95
sargeant_2024_14,2024,14,sargeant,williams,17,14.954285714285714,2023,2024,0.95
hulkenberg_2024_14,2024,14,hulkenberg,haas,18,12.622857142857143,2023,2024,0.95
norris_2024_15,2024,15,norris,mclaren,1,4.4,2023,2024,0.95
max_verstappen_2024_15,2024,15,max_verstappen,red_bull,2,2.9714285714285715,2023,2024,0.95
leclerc_2024_15,2024,15,leclerc,ferrari,3,6.008571428571429,2023,2024,0.95
piastri_2024_15,2024,15,piastri,mclaren,4,4.42,2023,2024,0.95
sainz_2024_15,2024,15,sainz,ferrari,5,6.328571428571428,2023,2024,0.95
perez_2024_15,2024,15,perez,red_bull,6,5.74,2023,2024,0.95
russell_2024_15,2024,15,russell,mercedes,7,8.034285714285714,2023,2024,0.95
hamilton_2024_15,2024,15,hamilton,mercedes,8,7.422857142857143,2023,2024,0.95
gasly_2024_15,2024,15,gasly,alpine,9,9.52,2023,2024,0.95
alonso_2024_15,2024,15,alonso,aston_martin,10,7.897142857142857,2023,2024,0.95
hulkenberg_2024_15,2024,15,hulkenberg,haas,11,13.048571428571428,2023,2024,0.95
ricciardo_2024_15,2024,15,ricciardo,rb,12,11.497142857142856,2023,2024,0.95
stroll_2024_15,2024,15,stroll,aston_martin,13,8.782857142857143,2023,2024,0.95
albon_2024_15,2024,15,albon,williams,14,11.78,2023,2024,0.95
ocon_2024_15,2024,15,ocon,alpine,15,12.231428571428571,2023,2024,0.95
sargeant_2024_15,2024,15,sargeant,williams,16,15.031428571428572,2023,2024,0.95
tsunoda_2024_15,2024,15,tsunoda,rb,17,10.914285714285715,2023,2024,0.95
kevin_magnussen_2024_15,2024,15,kevin_magnussen,haas,18,13.302857142857142,2023,2024,0.95
bottas_2024_15,2024,15,bottas,sauber,19,14.825714285714286,2023,2024,0.95
zhou_2024_15,2024,15,zhou,sauber,20,14.608571428571429,2023,2024,0.95
leclerc_2024_16,2024,16,leclerc,ferrari,1,4.997142857142857,2023,2024,0.95
piastri_2024_16,2024,16,piastri,mclaren,2,4.091428571428572,2023,2024,0.95
norris_2024_16,2024,16,norris,mclaren,3,4.042857142857143,2023,2024,0.95
sainz_2024_16,2024,16,sainz,ferrari,4,5.942857142857143,2023,2024,0.95
hamilton_2024_16,2024,16,hamilton,mercedes,5,5.534285714285715,2023,2024,0.95
max_verstappen_2024_16,2024,16,max_verstappen,red_bull,6,3.8314285714285714,2023,2024,0.95
russell_2024_16,2024,16,russell,mercedes,7,6.337142857142857,2023,2024,0.95
perez_2024_16,2024,16,perez,red_bull,8,5.577142857142857,2023,2024,0.95
albon_2024_16,2024,16,albon,williams,9,11.211428571428572,2023,2024,0.95
kevin_magnussen_2024_16,2024,16,kevin_magnussen,haas,10,13.877142857142857,2023,2024,0.95
alonso_2024_16,2024,16,alonso,aston_martin,11,9.005714285714285,2023,2024,0.95
colapinto_2024_16,2024,16,colapinto,williams,12,12.971428571428572,2023,2024,0.95
ricciardo_2024_16,2024,16,ricciardo,rb,13,10.865714285714287,2023,2024,0.95
ocon_2024_16,2024,16,ocon,alpine,14,12.162857142857144,2023,2024,0.95
gasly_2024_16,2024,16,gasly,alpine,15,11.351428571428572,2023,2024,0.95
bottas_2024_16,2024,16,bottas,sauber,16,15.754285714285714,2023,2024,0.95
hulkenberg_2024_16,2024,16,hulkenberg,haas,17,11.774285714285714,2023,2024,0.95
zhou_2024_16,2024,16,zhou,sauber,18,15.46,2023,2024,0.95
stroll_2024_16,2024,16,stroll,aston_martin,19,11.797142857142857,2023,2024,0.95
piastri_2024_17,2024,17,piastri,mclaren,1,4.337142857142857,2023,2024,0.95
leclerc_2024_17,2024,17,leclerc,ferrari,2,3.5285714285714285,2023,2024,0.95
russell_2024_17,2024,17,russell,mercedes,3,6.58,2023,2024,0.95
norris_2024_17,2024,17,norris,mclaren,4,7.708571428571428,2023,2024,0.95
max_verstappen_2024_17,2024,17,max_verstappen,red_bull,5,4.317142857142857,2023,2024,0.95
alonso_2024_17,2024,17,alonso,aston_martin,6,8.642857142857142,2023,2024,0.95
albon_2024_17,2024,17,albon,williams,7,11.454285714285714,2023,2024,0.95
colapinto_2024_17,2024,17,colapinto,williams,8,11.814285714285715,2023,2024,0.95
hamilton_2024_17,2024,17,hamilton,mercedes,9,6.357142857142857,2023,2024,0.95
bearman_2024_17,2024,17,bearman,haas,10,10.96,2023,2024,0.95
hulkenberg_2024_17,2024,17,hulkenberg,haas,11,12.891428571428571,2023,2024,0.95
gasly_2024_17,2024,17,gasly,alpine,12,11.84,2023,2024,0.95
ricciardo_2024_17,2024,17,ricciardo,rb,13,11.494285714285715,2023,2024,0.95
zhou_2024_17,2024,17,zhou,sauber,14,14.002857142857144,2023,2024,0.95
ocon_2024_17,2024,17,ocon,alpine,15,12.362857142857143,2023,2024,0.95
bottas_2024_17,2024,17,bottas,sauber,16,14.477142857142857,2023,2024,0.95
norris_2024_18,2024,18,norris,mclaren,1,4.145714285714286,2023,2024,0.95
max_verstappen_2024_18,2024,18,max_verstappen,red_bull,2,2.962857142857143,2023,2024,0.95
piastri_2024_18,2024,18,piastri,mclaren,3,5.008571428571429,2023,2024,0.95
russell_2024_18,2024,18,russell,mercedes,4,6.094285714285714,2023,2024,0.95
leclerc_2024_18,2024,18,leclerc,ferrari,5,6.585714285714285,2023,2024,0.95
hamilton_2024_18,2024,18,hamilton,mercedes,6,6.094285714285714,2023,2024,0.95
sainz_2024_18,2024,18,sainz,ferrari,7,6.8428571428571425,2023,2024,0.95
alonso_2024_18,2024,18,alonso,aston_martin,8,8.165714285714285,2023,2024,0.95
hulkenberg_2024_18,2024,18,hulkenberg,haas,9,10.88,2023,2024,0.95
perez_2024_18,2024,18,perez,red_bull,10,7.248571428571428,2023,2024,0.95
colapinto_2024_18,2024,18,colapinto,williams,11,10.891428571428571,2023,2024,0.95
tsunoda_2024_18,2024,18,tsunoda,rb,12,9.722857142857142,2023,2024,0.95
ocon_2024_18,2024,18,ocon,alpine,13,11.817142857142857,2023,2024,0.95
stroll_2024_18,2024,18,stroll,aston_martin,14,11.317142857142857,2023,2024,0.95
zhou_2024_18,2024,18,zhou,sauber,15,14.665714285714285,2023,2024,0.95
bottas_2024_18,2024,18,bottas,sauber,16,14.977142857142857,2023,2024,0.95
gasly_2024_18,2024,18,gasly,alpine,17,12.625714285714286,2023,2024,0.95
ricciardo_2024_18,2024,18,ricciardo,rb,18,12.465714285714286,2023,2024,0.95
leclerc_2024_19,2024,19,leclerc,ferrari,1,4.174285714285714,2023,2024,0.95
sainz_2024_19,2024,19,sainz,ferrari,2,4.877142857142857,2023,2024,0.95
max_verstappen_2024_19,2024,19,max_verstappen,red_bull,3,2.334285714285714,2023,2024,0.95
norris_2024_19,2024,19,norris,mclaren,4,3.8285714285714287,2023,2024,0.95
piastri_2024_19,2024,19,piastri,mclaren,5,5.042857142857143,2023,2024,0.95
russell_2024_19,2024,19,russell,mercedes,6,6.52,2023,2024,0.95
perez_2024_19,2024,19,perez,red_bull,7,5.78,2023,2024,0.95
hulkenberg_2024_19,2024,19,hulkenberg,haas,8,12.602857142857143,2023,2024,0.95
lawson_2024_19,2024,19,lawson,rb,9,12.002857142857144,2023,2024,0.95
colapinto_2024_19,2024,19,colapinto,williams,10,12.545714285714286,2023,2024,0.95
kevin_magnussen_2024_19,2024,19,kevin_magnussen,haas,11,12.557142857142857,2023,2024,0.95
gasly_2024_19,2024,19,gasly,alpine,12,10.017142857142858,2023,2024,0.95
alonso_2024_19,2024,19,alonso,aston_martin,13,7.554285714285714,2023,2024,0.95
tsunoda_2024_19,2024,19,tsunoda,rb,14,10.5,2023,2024,0.95
stroll_2024_19,2024,19,stroll,aston_martin,15,10.551428571428572,2023,2024,0.95
albon_2024_19,2024,19,albon,williams,16,11.942857142857143,2023,2024,0.95
bottas_2024_19,2024,19,bottas,sauber,17,14.668571428571429,2023,2024,0.95
ocon_2024_19,2024,19,ocon,alpine,18,11.551428571428572,2023,2024,0.95
zhou_2024_19,2024,19,zhou,sauber,19,14.394285714285715,2023,2024,0.95
sainz_2024_20,2024,20,sainz,ferrari,1,4.311428571428571,2023,2024,0.95
norris_2024_20,2024,20,norris,mclaren,2,4.551428571428572,2023,2024,0.95
leclerc_2024_20,2024,20,leclerc,ferrari,3,4.22,2023,2024,0.95
hamilton_2024_20,2024,20,hamilton,mercedes,4,5.797142857142857,2023,2024,0.95
russell_2024_20,2024,20,russell,mercedes,5,6.022857142857143,2023,2024,0.95
max_verstappen_2024_20,2024,20,max_verstappen,red_bull,6,2.334285714285714,2023,2024,0.95
kevin_magnussen_2024_20,2024,20,kevin_magnussen,haas,7,11.717142857142857,2023,2024,0.95
piastri_2024_20,2024,20,piastri,mclaren,8,7.062857142857143,2023,2024,0.95
hulkenberg_2024_20,2024,20,hulkenberg,haas,9,10.997142857142856,2023,2024,0.95
gasly_2024_20,2024,20,gasly,alpine,10,9.291428571428572,2023,2024,0.95
stroll_2024_20,2024,20,stroll,aston_martin,11,11.354285714285714,2023,2024,0.95
colapinto_2024_20,2024,20,colapinto,williams,12,12.271428571428572,2023,2024,0.95
ocon_2024_20,2024,20,ocon,alpine,13,12.937142857142858,2023,2024,0.95
bottas_2024_20,2024,20,bottas,sauber,14,14.274285714285714,2023,2024,0.95
zhou_2024_20,2024,20,zhou,sauber,15,14.888571428571428,2023,2024,0.95
lawson_2024_20,2024,20,lawson,rb,16,10.725714285714286,2023,2024,0.95
perez_2024_20,2024,20,perez,red_bull,17,8.237142857142857,2023,2024,0.95
max_verstappen_2024_21,2024,21,max_verstappen,red_bull,1,5.934285714285714,2023,2024,0.95
ocon_2024_21,2024,21,ocon,alpine,2,9.205714285714286,2023,2024,0.95
gasly_2024_21,2024,21,gasly,alpine,3,10.891428571428571,2023,2024,0.95
russell_2024_21,2024,21,russell,mercedes,4,7.368571428571428,2023,2024,0.95
leclerc_2024_21,2024,21,leclerc,ferrari,5,5.28,2023,2024,0.95
norris_2024_21,2024,21,norris,mclaren,6,3.894285714285714,2023,2024,0.95
tsunoda_2024_21,2024,21,tsunoda,rb,7,8.945714285714285,2023,2024,0.95
piastri_2024_21,2024,21,piastri,mclaren,8,6.285714285714286,2023,2024,0.95
lawson_2024_21,2024,21,lawson,rb,9,9.157142857142857,2023,2024,0.95
hamilton_2024_21,2024,21,hamilton,mercedes,10,7.677142857142857,2023,2024,0.95
perez_2024_21,2024,21,perez,red_bull,11,6.8742857142857146,2023,2024,0.95
bearman_2024_21,2024,21,bearman,haas,12,11.465714285714286,2023,2024,0.95
bottas_2024_21,2024,21,bottas,sauber,13,12.842857142857143,2023,2024,0.95
alonso_2024_21,2024,21,alonso,aston_martin,14,8.56857142857143,2023,2024,0.95
zhou_2024_21,2024,21,zhou,sauber,15,13.502857142857144,2023,2024,0.95
russell_2024_22,2024,22,russell,mercedes,1,6.054285714285714,2023,2024,0.95
hamilton_2024_22,2024,22,hamilton,mercedes,2,7.514285714285714,2023,2024,0.95
sainz_2024_22,2024,22,sainz,ferrari,3,3.6485714285714286,2023,2024,0.95
leclerc_2024_22,2024,22,leclerc,ferrari,4,4.225714285714286,2023,2024,0.95
max_verstappen_2024_22,2024,22,max_verstappen,red_bull,5,2.902857142857143,2023,2024,0.95
norris_2024_22,2024,22,norris,mclaren,6,6.048571428571429,2023,2024,0.95
piastri_2024_22,2024,22,piastri,mclaren,7,6.757142857142857,2023,2024,0.95
hulkenberg_2024_22,2024,22,hulkenberg,haas,8,10.64,2023,2024,0.95
tsunoda_2024_22,2024,22,tsunoda,rb,9,9.811428571428571,2023,2024,0.95
perez_2024_22,2024,22,perez,red_bull,10,8.928571428571429,2023,2024,0.95
alonso_2024_22,2024,22,alonso,aston_martin,11,11.44,2023,2024,0.95
kevin_magnussen_2024_22,2024,22,kevin_magnussen,haas,12,11.625714285714286,2023,2024,0.95
zhou_2024_22,2024,22,zhou,sauber,13,13.86,2023,2024,0.95
colapinto_2024_22,2024,22,colapinto,williams,14,13.0,2023,2024,0.95
stroll_2024_22,2024,22,stroll,aston_martin,15,12.237142857142857,2023,2024,0.95
lawson_2024_22,2024,22,lawson,rb,16,13.051428571428572,2023,2024,0.95
ocon_2024_22,2024,22,ocon,alpine,17,9.985714285714286,2023,2024,0.95
bottas_2024_22,2024,22,bottas,sauber,18,14.705714285714286,2023,2024,0.95
max_verstappen_2024_23,2024,23,max_verstappen,red_bull,1,2.4685714285714284,2023,2024,0.95
leclerc_2024_23,2024,23,leclerc,ferrari,2,4.985714285714286,2023,2024,0.95
piastri_2024_23,2024,23,piastri,mclaren,3,4.888571428571429,2023,2024,0.95
russell_2024_23,2024,23,russell,mercedes,4,6.105714285714286,2023,2024,0.95
gasly_2024_23,2024,23,gasly,alpine,5,10.288571428571428,2023,2024,0.95
sainz_2024_23,2024,23,sainz,ferrari,6,5.2371428571428575,2023,2024,0.95
alonso_2024_23,2024,23,alonso,aston_martin,7,8.765714285714285,2023,2024,0.95
zhou_2024_23,2024,23,zhou,sauber,8,13.214285714285714,2023,2024,0.95
kevin_magnussen_2024_23,2024,23,kevin_magnussen,haas,9,11.1,2023,2024,0.95
norris_2024_23,2024,23,norris,mclaren,10,4.34,2023,2024,0.95
bottas_2024_23,2024,23,bottas,sauber,11,13.705714285714286,2023,2024,0.95
hamilton_2024_23,2024,23,hamilton,mercedes,12,5.985714285714286,2023,2024,0.95
tsunoda_2024_23,2024,23,tsunoda,rb,13,10.831428571428571,2023,2024,0.95
lawson_2024_23,2024,23,lawson,rb,14,12.051428571428572,2023,2024,0.95
albon_2024_23,2024,23,albon,williams,15,12.665714285714285,2023,2024,0.95
norris_2024_24,2024,24,norris,mclaren,1,4.394285714285714,2023,2024,0.95
sainz_2024_24,2024,24,sainz,ferrari,2,3.6857142857142855,2023,2024,0.95
leclerc_2024_24,2024,24,leclerc,ferrari,3,6.748571428571428,2023,2024,0.95
hamilton_2024_24,2024,24,hamilton,mercedes,4,7.72,2023,2024,0.95
russell_2024_24,2024,24,russell,mercedes,5,6.0685714285714285,2023,2024,0.95
max_verstappen_2024_24,2024,24,max_verstappen,red_bull,6,2.6914285714285713,2023,2024,0.95
gasly_2024_24,2024,24,gasly,alpine,7,8.391428571428571,2023,2024,0.95
hulkenberg_2024_24,2024,24,hulkenberg,haas,8,9.345714285714285,2023,2024,0.95
alonso_2024_24,2024,24,alonso,aston_martin,9,8.74,2023,2024,0.95
piastri_2024_24,2024,24,piastri,mclaren,10,4.554285714285714,2023,2024,0.95
albon_2024_24,2024,24,albon,williams,11,13.76,2023,2024,0.95
tsunoda_2024_24,2024,24,tsunoda,rb,12,10.685714285714285,2023,2024,0.95
zhou_2024_24,2024,24,zhou,sauber,13,14.248571428571429,2023,2024,0.95
stroll_2024_24,2024,24,stroll,aston_martin,14,10.914285714285715,2023,2024,0.95
doohan_2024_24,2024,24,doohan,alpine,15,12.628571428571428,2023,2024,0.95
kevin_magnussen_2024_24,2024,24,kevin_magnussen,haas,16,12.962857142857143,2023,2024,0.95
norris_2025_1,2025,1,norris,mclaren,1,3.8971428571428572,2024,2025,0.95
max_verstappen_2025_1,2025,1,max_verstappen,red_bull,2,2.9857142857142858,2024,2025,0.95
russell_2025_1,2025,1,russell,mercedes,3,4.522857142857143,2024,2025,0.95
antonelli_2025_1,2025,1,antonelli,mercedes,4,8.131428571428572,2024,2025,0.95
albon_2025_1,2025,1,albon,williams,5,9.22,2024,2025,0.95
stroll_2025_1,2025,1,stroll,aston_martin,6,10.722857142857142,2024,2025,0.95
hulkenberg_2025_1,2025,1,hulkenberg,sauber,7,12.105714285714285,2024,2025,0.95
leclerc_2025_1,2025,1,leclerc,ferrari,8,4.994285714285715,2024,2025,0.95
piastri_2025_1,2025,1,piastri,mclaren,9,4.6571428571428575,2024,2025,0.95
hamilton_2025_1,2025,1,hamilton,ferrari,10,6.722857142857142,2024,2025,0.95
gasly_2025_1,2025,1,gasly,alpine,11,8.88,2024,2025,0.95
tsunoda_2025_1,2025,1,tsunoda,rb,12,8.94,2024,2025,0.95
ocon_2025_1,2025,1,ocon,haas,13,13.108571428571429,2024,2025,0.95
bearman_2025_1,2025,1,bearman,haas,14,12.98857142857143,2024,2025,0.95
piastri_2025_2,2025,2,piastri,mclaren,1,3.994285714285714,2024,2025,0.95
norris_2025_2,2025,2,norris,mclaren,2,4.714285714285714,2024,2025,0.95
russell_2025_2,2025,2,russell,mercedes,3,4.088571428571429,2024,2025,0.95
max_verstappen_2025_2,2025,2,max_verstappen,red_bull,4,3.0285714285714285,2024,2025,0.95
ocon_2025_2,2025,2,ocon,haas,5,10.997142857142856,2024,2025,0.95
antonelli_2025_2,2025,2,antonelli,mercedes,6,6.202857142857143,2024,2025,0.95
albon_2025_2,2025,2,albon,williams,7,9.725714285714286,2024,2025,0.95
bearman_2025_2,2025,2,bearman,haas,8,13.662857142857144,2024,2025,0.95
stroll_2025_2,2025,2,stroll,aston_martin,9,13.037142857142857,2024,2025,0.95
sainz_2025_2,2025,2,sainz,williams,10,11.025714285714285,2024,2025,0.95
hadjar_2025_2,2025,2,hadjar,rb,11,8.434285714285714,2024,2025,0.95
lawson_2025_2,2025,2,lawson,red_bull,12,10.168571428571429,2024,2025,0.95
doohan_2025_2,2025,2,doohan,alpine,13,14.225714285714286,2024,2025,0.95
bortoleto_2025_2,2025,2,bortoleto,sauber,14,13.111428571428572,2024,2025,0.95
hulkenberg_2025_2,2025,2,hulkenberg,sauber,15,10.137142857142857,2024,2025,0.95
tsunoda_2025_2,2025,2,tsunoda,rb,16,10.434285714285714,2024,2025,0.95
max_verstappen_2025_3,2025,3,max_verstappen,red_bull,1,2.7285714285714286,2024,2025,0.95
norris_2025_3,2025,3,norris,mclaren,2,5.04,2024,2025,0.95
piastri_2025_3,2025,3,piastri,mclaren,3,4.7542857142857144,2024,2025,0.95
leclerc_2025_3,2025,3,leclerc,ferrari,4,3.3114285714285714,2024,2025,0.95
russell_2025_3,2025,3,russell,mercedes,5,4.825714285714286,2024,2025,0.95
antonelli_2025_3,2025,3,antonelli,mercedes,6,6.354285714285714,2024,2025,0.95
hamilton_2025_3,2025,3,hamilton,ferrari,7,6.74,2024,2025,0.95
hadjar_2025_3,2025,3,hadjar,rb,8,9.837142857142856,2024,2025,0.95
albon_2025_3,2025,3,albon,williams,9,10.354285714285714,2024,2025,0.95
bearman_2025_3,2025,3,bearman,haas,10,10.454285714285714,2024,2025,0.95
alonso_2025_3,2025,3,alonso,aston_martin,11,10.937142857142858,2024,2025,0.95
tsunoda_2025_3,2025,3,tsunoda,red_bull,12,9.614285714285714,2024,2025,0.95
gasly_2025_3,2025,3,gasly,alpine,13,9.954285714285714,2024,2025,0.95
sainz_2025_3,2025,3,sainz,williams,14,10.254285714285714,2024,2025,0.95
doohan_2025_3,2025,3,doohan,alpine,15,14.305714285714286,2024,2025,0.95
hulkenberg_2025_3,2025,3,hulkenberg,sauber,16,12.985714285714286,2024,2025,0.95
lawson_2025_3,2025,3,lawson,rb,17,13.32857142857143,2024,2025,0.95
ocon_2025_3,2025,3,ocon,haas,18,13.191428571428572,2024,2025,0.95
bortoleto_2025_3,2025,3,bortoleto,sauber,19,14.38,2024,2025,0.95
stroll_2025_3,2025,3,stroll,aston_martin,20,13.651428571428571,2024,2025,0.95
piastri_2025_4,2025,4,piastri,mclaren,1,3.9114285714285715,2024,2025,0.95
russell_2025_4,2025,4,russell,mercedes,2,4.385714285714286,2024,2025,0.95
norris_2025_4,2025,4,norris,mclaren,3,5.6971428571428575,2024,2025,0.95
leclerc_2025_4,2025,4,leclerc,ferrari,4,3.3285714285714287,2024,2025,0.95
hamilton_2025_4,2025,4,hamilton,ferrari,5,6.545714285714285,2024,2025,0.95
max_verstappen_2025_4,2025,4,max_verstappen,red_bull,6,4.5,2024,2025,0.95
gasly_2025_4,2025,4,gasly,alpine,7,8.142857142857142,2024,2025,0.95
ocon_2025_4,2025,4,ocon,haas,8,12.437142857142858,2024,2025,0.95
tsunoda_2025_4,2025,4,tsunoda,red_bull,9,9.302857142857142,2024,2025,0.95
bearman_2025_4,2025,4,bearman,haas,10,13.42,2024,2025,0.95
antonelli_2025_4,2025,4,antonelli,mercedes,11,5.525714285714286,2024,2025,0.95
albon_2025_4,2025,4,albon,williams,12,12.38,2024,2025,0.95
hadjar_2025_4,2025,4,hadjar,rb,13,11.231428571428571,2024,2025,0.95
doohan_2025_4,2025,4,doohan,alpine,14,11.737142857142857,2024,2025,0.95
alonso_2025_4,2025,4,alonso,aston_martin,15,11.274285714285714,2024,2025,0.95
lawson_2025_4,2025,4,lawson,rb,16,13.848571428571429,2024,2025,0.95
stroll_2025_4,2025,4,stroll,aston_martin,17,13.291428571428572,2024,2025,0.95
bortoleto_2025_4,2025,4,bortoleto,sauber,18,14.871428571428572,2024,2025,0.95
piastri_2025_5,2025,5,piastri,mclaren,1,3.9914285714285715,2024,2025,0.95
max_verstappen_2025_5,2025,5,max_verstappen,red_bull,2,3.1028571428571428,2024,2025,0.95
leclerc_2025_5,2025,5,leclerc,ferrari,3,3.68,2024,2025,0.95
norris_2025_5,2025,5,norris,mclaren,4,6.462857142857143,2024,2025,0.95
russell_2025_5,2025,5,russell,mercedes,5,4.048571428571429,2024,2025,0.95
antonelli_2025_5,2025,5,antonelli,mercedes,6,5.52,2024,2025,0.95
hamilton_2025_5,2025,5,hamilton,ferrari,7,6.091428571428572,2024,2025,0.95
sainz_2025_5,2025,5,sainz,williams,8,9.242857142857142,2024,2025,0.95
albon_2025_5,2025,5,albon,williams,9,10.574285714285715,2024,2025,0.95
hadjar_2025_5,2025,5,hadjar,rb,10,13.862857142857143,2024,2025,0.95
alonso_2025_5,2025,5,alonso,aston_martin,11,10.982857142857142,2024,2025,0.95
lawson_2025_5,2025,5,lawson,rb,12,12.265714285714285,2024,2025,0.95
bearman_2025_5,2025,5,bearman,haas,13,12.862857142857143,2024,2025,0.95
ocon_2025_5,2025,5,ocon,haas,14,14.257142857142858,2024,2025,0.95
hulkenberg_2025_5,2025,5,hulkenberg,sauber,15,14.271428571428572,2024,2025,0.95
stroll_2025_5,2025,5,stroll,aston_martin,16,13.148571428571428,2024,2025,0.95
doohan_2025_5,2025,5,doohan,alpine,17,14.088571428571429,2024,2025,0.95
bortoleto_2025_5,2025,5,bortoleto,sauber,18,15.405714285714286,2024,2025,0.95
piastri_2025_6,2025,6,piastri,mclaren,1,4.24,2024,2025,0.95
norris_2025_6,2025,6,norris,mclaren,2,3.717142857142857,2024,2025,0.95
russell_2025_6,2025,6,russell,mercedes,3,4.991428571428571,2024,2025,0.95
max_verstappen_2025_6,2025,6,max_verstappen,red_bull,4,3.1742857142857144,2024,2025,0.95
albon_2025_6,2025,6,albon,williams,5,10.471428571428572,2024,2025,0.95
antonelli_2025_6,2025,6,antonelli,mercedes,6,5.037142857142857,2024,2025,0.95
leclerc_2025_6,2025,6,leclerc,ferrari,7,5.025714285714286,2024,2025,0.95
hamilton_2025_6,2025,6,hamilton,ferrari,8,7.128571428571429,2024,2025,0.95
sainz_2025_6,2025,6,sainz,williams,9,9.485714285714286,2024,2025,0.95
tsunoda_2025_6,2025,6,tsunoda,red_bull,10,9.585714285714285,2024,2025,0.95
hadjar_2025_6,2025,6,hadjar,rb,11,11.285714285714286,2024,2025,0.95
ocon_2025_6,2025,6,ocon,haas,12,10.351428571428572,2024,2025,0.95
gasly_2025_6,2025,6,gasly,alpine,13,12.788571428571428,2024,2025,0.95
hulkenberg_2025_6,2025,6,hulkenberg,sauber,14,14.522857142857143,2024,2025,0.95
alonso_2025_6,2025,6,alonso,aston_martin,15,12.234285714285715,2024,2025,0.95
stroll_2025_6,2025,6,stroll,aston_martin,16,13.702857142857143,2024,2025,0.95
max_verstappen_2025_7,2025,7,max_verstappen,red_bull,1,3.2114285714285713,2024,2025,0.95
norris_2025_7,2025,7,norris,mclaren,2,4.191428571428571,2024,2025,0.95
piastri_2025_7,2025,7,piastri,mclaren,3,3.737142857142857,2024,2025,0.95
hamilton_2025_7,2025,7,hamilton,ferrari,4,7.1085714285714285,2024,2025,0.95
albon_2025_7,2025,7,albon,williams,5,9.565714285714286,2024,2025,0.95
leclerc_2025_7,2025,7,leclerc,ferrari,6,6.317142857142857,2024,2025,0.95
russell_2025_7,2025,7,russell,mercedes,7,3.954285714285714,2024,2025,0.95
sainz_2025_7,2025,7,sainz,williams,8,9.654285714285715,2024,2025,0.95
hadjar_2025_7,2025,7,hadjar,rb,9,10.014285714285714,2024,2025,0.95
tsunoda_2025_7,2025,7,tsunoda,red_bull,10,10.657142857142857,2024,2025,0.95
alonso_2025_7,2025,7,alonso,aston_martin,11,8.042857142857143,2024,2025,0.95
hulkenberg_2025_7,2025,7,hulkenberg,sauber,12,13.545714285714286,2024,2025,0.95
gasly_2025_7,2025,7,gasly,alpine,13,10.28,2024,2025,0.95
lawson_2025_7,2025,7,lawson,rb,14,13.382857142857143,2024,2025,0.95
stroll_2025_7,2025,7,stroll,aston_martin,15,9.777142857142858,2024,2025,0.95
colapinto_2025_7,2025,7,colapinto,alpine,16,12.762857142857143,2024,2025,0.95
bearman_2025_7,2025,7,bearman,haas,17,13.485714285714286,2024,2025,0.95
bortoleto_2025_7,2025,7,bortoleto,sauber,18,14.094285714285714,2024,2025,0.95
norris_2025_8,2025,8,norris,mclaren,1,3.22,2024,2025,0.95
leclerc_2025_8,2025,8,leclerc,ferrari,2,3.0171428571428573,2024,2025,0.95
piastri_2025_8,2025,8,piastri,mclaren,3,4.291428571428572,2024,2025,0.95
max_verstappen_2025_8,2025,8,max_verstappen,red_bull,4,4.545714285714285,2024,2025,0.95
hamilton_2025_8,2025,8,hamilton,ferrari,5,4.851428571428571,2024,2025,0.95
hadjar_2025_8,2025,8,hadjar,rb,6,9.262857142857143,2024,2025,0.95
ocon_2025_8,2025,8,ocon,haas,7,10.325714285714286,2024,2025,0.95
lawson_2025_8,2025,8,lawson,rb,8,11.022857142857143,2024,2025,0.95
albon_2025_8,2025,8,albon,williams,9,9.834285714285715,2024,2025,0.95
sainz_2025_8,2025,8,sainz,williams,10,10.67142857142857,2024,2025,0.95
russell_2025_8,2025,8,russell,mercedes,11,6.928571428571429,2024,2025,0.95
bearman_2025_8,2025,8,bearman,haas,12,13.397142857142857,2024,2025,0.95
colapinto_2025_8,2025,8,colapinto,alpine,13,14.094285714285714,2024,2025,0.95
bortoleto_2025_8,2025,8,bortoleto,sauber,14,14.66,2024,2025,0.95
stroll_2025_8,2025,8,stroll,aston_martin,15,13.845714285714285,2024,2025,0.95
hulkenberg_2025_8,2025,8,hulkenberg,sauber,16,11.985714285714286,2024,2025,0.95
tsunoda_2025_8,2025,8,tsunoda,red_bull,17,9.551428571428572,2024,2025,0.95
antonelli_2025_8,2025,8,antonelli,mercedes,18,7.045714285714285,2024,2025,0.95
piastri_2025_9,2025,9,piastri,mclaren,1,4.217142857142857,2024,2025,0.95
norris_2025_9,2025,9,norris,mclaren,2,4.68,2024,2025,0.95
leclerc_2025_9,2025,9,leclerc,ferrari,3,4.917142857142857,2024,2025,0.95
russell_2025_9,2025,9,russell,mercedes,4,5.308571428571429,2024,2025,0.95
hulkenberg_2025_9,2025,9,hulkenberg,sauber,5,14.477142857142857,2024,2025,0.95
hamilton_2025_9,2025,9,hamilton,ferrari,6,4.7628571428571425,2024,2025,0.95
hadjar_2025_9,2025,9,hadjar,rb,7,9.765714285714285,2024,2025,0.95
gasly_2025_9,2025,9,gasly,alpine,8,9.774285714285714,2024,2025,0.95
alonso_2025_9,2025,9,alonso,aston_martin,9,10.84,2024,2025,0.95
max_verstappen_2025_9,2025,9,max_verstappen,red_bull,10,3.6142857142857143,2024,2025,0.95
lawson_2025_9,2025,9,lawson,rb,11,12.548571428571428,2024,2025,0.95
bortoleto_2025_9,2025,9,bortoleto,sauber,12,13.731428571428571,2024,2025,0.95
tsunoda_2025_9,2025,9,tsunoda,red_bull,13,10.594285714285714,2024,2025,0.95
sainz_2025_9,2025,9,sainz,williams,14,13.714285714285714,2024,2025,0.95
colapinto_2025_9,2025,9,colapinto,alpine,15,14.405714285714286,2024,2025,0.95
ocon_2025_9,2025,9,ocon,haas,16,13.762857142857143,2024,2025,0.95
bearman_2025_9,2025,9,bearman,haas,17,13.48857142857143,2024,2025,0.95
russell_2025_10,2025,10,russell,mercedes,1,4.142857142857143,2024,2025,0.95
max_verstappen_2025_10,2025,10,max_verstappen,red_bull,2,3.5485714285714285,2024,2025,0.95
antonelli_2025_10,2025,10,antonelli,mercedes,3,5.897142857142857,2024,2025,0.95
piastri_2025_10,2025,10,piastri,mclaren,4,4.491428571428571,2024,2025,0.95
leclerc_2025_10,2025,10,leclerc,ferrari,5,5.288571428571428,2024,2025,0.95
hamilton_2025_10,2025,10,hamilton,ferrari,6,4.757142857142857,2024,2025,0.95
alonso_2025_10,2025,10,alonso,aston_martin,7,8.337142857142856,2024,2025,0.95
hulkenberg_2025_10,2025,10,hulkenberg,sauber,8,11.994285714285715,2024,2025,0.95
ocon_2025_10,2025,10,ocon,haas,9,12.791428571428572,2024,2025,0.95
sainz_2025_10,2025,10,sainz,williams,10,12.865714285714287,2024,2025,0.95
bearman_2025_10,2025,10,bearman,haas,11,12.64,2024,2025,0.95
tsunoda_2025_10,2025,10,tsunoda,red_bull,12,9.731428571428571,2024,2025,0.95
colapinto_2025_10,2025,10,colapinto,alpine,13,11.614285714285714,2024,2025,0.95
bortoleto_2025_10,2025,10,bortoleto,sauber,14,14.56857142857143,2024,2025,0.95
gasly_2025_10,2025,10,gasly,alpine,15,13.674285714285714,2024,2025,0.95
hadjar_2025_10,2025,10,hadjar,rb,16,9.82,2024,2025,0.95
stroll_2025_10,2025,10,stroll,aston_martin,17,13.594285714285714,2024,2025,0.95
norris_2025_11,2025,11,norris,mclaren,1,5.071428571428571,2024,2025,0.95
piastri_2025_11,2025,11,piastri,mclaren,2,5.171428571428572,2024,2025,0.95
leclerc_2025_11,2025,11,leclerc,ferrari,3,3.8857142857142857,2024,2025,0.95
hamilton_2025_11,2025,11,hamilton,ferrari,4,4.12,2024,2025,0.95
russell_2025_11,2025,11,russell,mercedes,5,5.014285714285714,2024,2025,0.95
lawson_2025_11,2025,11,lawson,rb,6,9.737142857142857,2024,2025,0.95
alonso_2025_11,2025,11,alonso,aston_martin,7,11.077142857142857,2024,2025,0.95
bortoleto_2025_11,2025,11,bortoleto,sauber,8,11.997142857142856,2024,2025,0.95
hulkenberg_2025_11,2025,11,hulkenberg,sauber,9,13.814285714285715,2024,2025,0.95
ocon_2025_11,2025,11,ocon,haas,10,13.437142857142858,2024,2025,0.95
bearman_2025_11,2025,11,bearman,haas,11,13.471428571428572,2024,2025,0.95
hadjar_2025_11,2025,11,hadjar,rb,12,11.874285714285714,2024,2025,0.95
gasly_2025_11,2025,11,gasly,alpine,13,10.754285714285714,2024,2025,0.95
stroll_2025_11,2025,11,stroll,aston_martin,14,13.577142857142857,2024,2025,0.95
colapinto_2025_11,2025,11,colapinto,alpine,15,13.382857142857143,2024,2025,0.95
tsunoda_2025_11,2025,11,tsunoda,red_bull,16,11.128571428571428,2024,2025,0.95
norris_2025_12,2025,12,norris,mclaren,1,4.322857142857143,2024,2025,0.95
piastri_2025_12,2025,12,piastri,mclaren,2,4.228571428571429,2024,2025,0.95
hulkenberg_2025_12,2025,12,hulkenberg,sauber,3,12.662857142857144,2024,2025,0.95
hamilton_2025_12,2025,12,hamilton,ferrari,4,4.8914285714285715,2024,2025,0.95
max_verstappen_2025_12,2025,12,max_verstappen,red_bull,5,3.1228571428571428,2024,2025,0.95
gasly_2025_12,2025,12,gasly,alpine,6,9.682857142857143,2024,2025,0.95
stroll_2025_12,2025,12,stroll,aston_martin,7,12.471428571428572,2024,2025,0.95
albon_2025_12,2025,12,albon,williams,8,11.097142857142858,2024,2025,0.95
alonso_2025_12,2025,12,alonso,aston_martin,9,9.762857142857143,2024,2025,0.95
russell_2025_12,2025,12,russell,mercedes,10,4.628571428571429,2024,2025,0.95
bearman_2025_12,2025,12,bearman,haas,11,10.48,2024,2025,0.95
sainz_2025_12,2025,12,sainz,williams,12,10.942857142857143,2024,2025,0.95
ocon_2025_12,2025,12,ocon,haas,13,11.877142857142857,2024,2025,0.95
leclerc_2025_12,2025,12,leclerc,ferrari,14,4.777142857142858,2024,2025,0.95
tsunoda_2025_12,2025,12,tsunoda,red_bull,15,8.745714285714286,2024,2025,0.95
piastri_2025_13,2025,13,piastri,mclaren,1,4.268571428571429,2024,2025,0.95
norris_2025_13,2025,13,norris,mclaren,2,3.92,2024,2025,0.95
leclerc_2025_13,2025,13,leclerc,ferrari,3,3.6885714285714286,2024,2025,0.95
max_verstappen_2025_13,2025,13,max_verstappen,red_bull,4,4.191428571428571,2024,2025,0.95
russell_2025_13,2025,13,russell,mercedes,5,5.902857142857143,2024,2025,0.95
albon_2025_13,2025,13,albon,williams,6,9.128571428571428,2024,2025,0.95
hamilton_2025_13,2025,13,hamilton,ferrari,7,7.557142857142857,2024,2025,0.95
lawson_2025_13,2025,13,lawson,rb,8,9.974285714285715,2024,2025,0.95
bortoleto_2025_13,2025,13,bortoleto,sauber,9,12.497142857142856,2024,2025,0.95
gasly_2025_13,2025,13,gasly,alpine,10,12.188571428571429,2024,2025,0.95
bearman_2025_13,2025,13,bearman,haas,11,11.548571428571428,2024,2025,0.95
hulkenberg_2025_13,2025,13,hulkenberg,sauber,12,11.5,2024,2025,0.95
tsunoda_2025_13,2025,13,tsunoda,red_bull,13,8.4,2024,2025,0.95
stroll_2025_13,2025,13,stroll,aston_martin,14,13.394285714285715,2024,2025,0.95
ocon_2025_13,2025,13,ocon,haas,15,11.997142857142856,2024,2025,0.95
antonelli_2025_13,2025,13,antonelli,mercedes,16,8.691428571428572,2024,2025,0.95
alonso_2025_13,2025,13,alonso,aston_martin,17,12.3,2024,2025,0.95
sainz_2025_13,2025,13,sainz,williams,18,13.665714285714285,2024,2025,0.95
colapinto_2025_13,2025,13,colapinto,alpine,19,13.614285714285714,2024,2025,0.95
hadjar_2025_13,2025,13,hadjar,rb,20,10.371428571428572,2024,2025,0.95
norris_2025_14,2025,14,norris,mclaren,1,4.585714285714285,2024,2025,0.95
piastri_2025_14,2025,14,piastri,mclaren,2,4.617142857142857,2024,2025,0.95
russell_2025_14,2025,14,russell,mercedes,3,5.962857142857143,2024,2025,0.95
leclerc_2025_14,2025,14,leclerc,ferrari,4,3.5228571428571427,2024,2025,0.95
alonso_2025_14,2025,14,alonso,aston_martin,5,9.06857142857143,2024,2025,0.95
bortoleto_2025_14,2025,14,bortoleto,sauber,6,11.017142857142858,2024,2025,0.95
stroll_2025_14,2025,14,stroll,aston_martin,7,9.991428571428571,2024,2025,0.95
lawson_2025_14,2025,14,lawson,rb,8,10.414285714285715,2024,2025,0.95
max_verstappen_2025_14,2025,14,max_verstappen,red_bull,9,4.345714285714286,2024,2025,0.95
antonelli_2025_14,2025,14,antonelli,mercedes,10,9.354285714285714,2024,2025,0.95
hadjar_2025_14,2025,14,hadjar,rb,11,11.325714285714286,2024,2025,0.95
hamilton_2025_14,2025,14,hamilton,ferrari,12,6.805714285714286,2024,2025,0.95
hulkenberg_2025_14,2025,14,hulkenberg,sauber,13,12.734285714285715,2024,2025,0.95
sainz_2025_14,2025,14,sainz,williams,14,12.46,2024,2025,0.95
albon_2025_14,2025,14,albon,williams,15,12.562857142857142,2024,2025,0.95
ocon_2025_14,2025,14,ocon,haas,16,14.125714285714286,2024,2025,0.95
tsunoda_2025_14,2025,14,tsunoda,red_bull,17,10.777142857142858,2024,2025,0.95
colapinto_2025_14,2025,14,colapinto,alpine,18,14.308571428571428,2024,2025,0.95
gasly_2025_14,2025,14,gasly,alpine,19,13.228571428571428,2024,2025,0.95
piastri_2025_15,2025,15,piastri,mclaren,1,4.6,2024,2025,0.95
max_verstappen_2025_15,2025,15,max_verstappen,red_bull,2,4.368571428571428,2024,2025,0.95
hadjar_2025_15,2025,15,hadjar,rb,3,9.317142857142857,2024,2025,0.95
russell_2025_15,2025,15,russell,mercedes,4,7.1657142857142855,2024,2025,0.95
albon_2025_15,2025,15,albon,williams,5,12.934285714285714,2024,2025,0.95
bearman_2025_15,2025,15,bearman,haas,6,14.214285714285714,2024,2025,0.95
stroll_2025_15,2025,15,stroll,aston_martin,7,13.997142857142856,2024,2025,0.95
alonso_2025_15,2025,15,alonso,aston_martin,8,10.122857142857143,2024,2025,0.95
tsunoda_2025_15,2025,15,tsunoda,red_bull,9,10.22,2024,2025,0.95
ocon_2025_15,2025,15,ocon,haas,10,14.571428571428571,2024,2025,0.95
colapinto_2025_15,2025,15,colapinto,alpine,11,14.997142857142856,2024,2025,0.95
lawson_2025_15,2025,15,lawson,rb,12,10.385714285714286,2024,2025,0.95
sainz_2025_15,2025,15,sainz,williams,13,11.551428571428572,2024,2025,0.95
hulkenberg_2025_15,2025,15,hulkenberg,sauber,14,13.345714285714285,2024,2025,0.95
bortoleto_2025_15,2025,15,bortoleto,sauber,15,11.557142857142857,2024,2025,0.95
antonelli_2025_15,2025,15,antonelli,mercedes,16,8.991428571428571,2024,2025,0.95
gasly_2025_15,2025,15,gasly,alpine,17,12.982857142857142,2024,2025,0.95
max_verstappen_2025_16,2025,16,max_verstappen,red_bull,1,3.1228571428571428,2024,2025,0.95
norris_2025_16,2025,16,norris,mclaren,2,4.04,2024,2025,0.95
piastri_2025_16,2025,16,piastri,mclaren,3,3.8971428571428572,2024,2025,0.95
leclerc_2025_16,2025,16,leclerc,ferrari,4,3.4085714285714284,2024,2025,0.95
russell_2025_16,2025,16,russell,mercedes,5,5.785714285714286,2024,2025,0.95
hamilton_2025_16,2025,16,hamilton,ferrari,6,5.282857142857143,2024,2025,0.95
albon_2025_16,2025,16,albon,williams,7,12.042857142857143,2024,2025,0.95
bortoleto_2025_16,2025,16,bortoleto,sauber,8,10.59142857142857,2024,2025,0.95
antonelli_2025_16,2025,16,antonelli,mercedes,9,7.722857142857142,2024,2025,0.95
hadjar_2025_16,2025,16,hadjar,rb,10,13.077142857142857,2024,2025,0.95
sainz_2025_16,2025,16,sainz,williams,11,12.302857142857142,2024,2025,0.95
bearman_2025_16,2025,16,bearman,haas,12,11.228571428571428,2024,2025,0.95
tsunoda_2025_16,2025,16,tsunoda,red_bull,13,9.125714285714286,2024,2025,0.95
lawson_2025_16,2025,16,lawson,rb,14,13.534285714285714,2024,2025,0.95
ocon_2025_16,2025,16,ocon,haas,15,13.391428571428571,2024,2025,0.95
gasly_2025_16,2025,16,gasly,alpine,16,13.805714285714286,2024,2025,0.95
colapinto_2025_16,2025,16,colapinto,alpine,17,14.734285714285715,2024,2025,0.95
stroll_2025_16,2025,16,stroll,aston_martin,18,13.077142857142857,2024,2025,0.95
max_verstappen_2025_17,2025,17,max_verstappen,red_bull,1,3.6342857142857143,2024,2025,0.95
russell_2025_17,2025,17,russell,mercedes,2,4.9714285714285715,2024,2025,0.95
sainz_2025_17,2025,17,sainz,williams,3,9.654285714285715,2024,2025,0.95
antonelli_2025_17,2025,17,antonelli,mercedes,4,6.662857142857143,2024,2025,0.95
lawson_2025_17,2025,17,lawson,rb,5,8.325714285714286,2024,2025,0.95
tsunoda_2025_17,2025,17,tsunoda,red_bull,6,7.805714285714286,2024,2025,0.95
norris_2025_17,2025,17,norris,mclaren,7,4.857142857142857,2024,2025,0.95
hamilton_2025_17,2025,17,hamilton,ferrari,8,7.905714285714286,2024,2025,0.95
leclerc_2025_17,2025,17,leclerc,ferrari,9,6.517142857142857,2024,2025,0.95
hadjar_2025_17,2025,17,hadjar,rb,10,9.051428571428572,2024,2025,0.95
bortoleto_2025_17,2025,17,bortoleto,sauber,11,11.06,2024,2025,0.95
bearman_2025_17,2025,17,bearman,haas,12,12.285714285714286,2024,2025,0.95
albon_2025_17,2025,17,albon,williams,13,12.16,2024,2025,0.95
ocon_2025_17,2025,17,ocon,haas,14,14.042857142857143,2024,2025,0.95
alonso_2025_17,2025,17,alonso,aston_martin,15,9.768571428571429,2024,2025,0.95
hulkenberg_2025_17,2025,17,hulkenberg,sauber,16,13.6,2024,2025,0.95
stroll_2025_17,2025,17,stroll,aston_martin,17,12.974285714285715,2024,2025,0.95
gasly_2025_17,2025,17,gasly,alpine,18,13.722857142857142,2024,2025,0.95
colapinto_2025_17,2025,17,colapinto,alpine,19,14.322857142857142,2024,2025,0.95
russell_2025_18,2025,18,russell,mercedes,1,3.888571428571429,2024,2025,0.95
max_verstappen_2025_18,2025,18,max_verstappen,red_bull,2,3.6314285714285712,2024,2025,0.95
norris_2025_18,2025,18,norris,mclaren,3,4.2057142857142855,2024,2025,0.95
piastri_2025_18,2025,18,piastri,mclaren,4,3.6914285714285713,2024,2025,0.95
antonelli_2025_18,2025,18,antonelli,mercedes,5,6.274285714285714,2024,2025,0.95
leclerc_2025_18,2025,18,leclerc,ferrari,6,5.885714285714286,2024,2025,0.95
alonso_2025_18,2025,18,alonso,aston_martin,7,10.117142857142857,2024,2025,0.95
hamilton_2025_18,2025,18,hamilton,ferrari,8,5.991428571428571,2024,2025,0.95
bearman_2025_18,2025,18,bearman,haas,9,10.205714285714286,2024,2025,0.95
sainz_2025_18,2025,18,sainz,williams,10,12.59142857142857,2024,2025,0.95
hadjar_2025_18,2025,18,hadjar,rb,11,9.185714285714285,2024,2025,0.95
tsunoda_2025_18,2025,18,tsunoda,red_bull,12,9.614285714285714,2024,2025,0.95
stroll_2025_18,2025,18,stroll,aston_martin,13,13.14,2024,2025,0.95
albon_2025_18,2025,18,albon,williams,14,12.90857142857143,2024,2025,0.95
lawson_2025_18,2025,18,lawson,rb,15,10.031428571428572,2024,2025,0.95
colapinto_2025_18,2025,18,colapinto,alpine,16,14.34,2024,2025,0.95
bortoleto_2025_18,2025,18,bortoleto,sauber,17,12.345714285714285,2024,2025,0.95
ocon_2025_18,2025,18,ocon,haas,18,13.291428571428572,2024,2025,0.95
gasly_2025_18,2025,18,gasly,alpine,19,13.645714285714286,2024,2025,0.95
hulkenberg_2025_18,2025,18,hulkenberg,sauber,20,10.962857142857143,2024,2025,0.95
max_verstappen_2025_19,2025,19,max_verstappen,red_bull,1,3.197142857142857,2024,2025,0.95
norris_2025_19,2025,19,norris,mclaren,2,3.98,2024,2025,0.95
leclerc_2025_19,2025,19,leclerc,ferrari,3,3.9171428571428573,2024,2025,0.95
hamilton_2025_19,2025,19,hamilton,ferrari,4,5.122857142857143,2024,2025,0.95
piastri_2025_19,2025,19,piastri,mclaren,5,4.265714285714286,2024,2025,0.95
russell_2025_19,2025,19,russell,mercedes,6,4.282857142857143,2024,2025,0.95
tsunoda_2025_19,2025,19,tsunoda,red_bull,7,9.514285714285714,2024,2025,0.95
hulkenberg_2025_19,2025,19,hulkenberg,sauber,8,11.66,2024,2025,0.95
bearman_2025_19,2025,19,bearman,haas,9,11.048571428571428,2024,2025,0.95
alonso_2025_19,2025,19,alonso,aston_martin,10,10.285714285714286,2024,2025,0.95
lawson_2025_19,2025,19,lawson,rb,11,11.634285714285713,2024,2025,0.95
stroll_2025_19,2025,19,stroll,aston_martin,12,13.708571428571428,2024,2025,0.95
antonelli_2025_19,2025,19,antonelli,mercedes,13,7.074285714285714,2024,2025,0.95
albon_2025_19,2025,19,albon,williams,14,13.734285714285715,2024,2025,0.95
ocon_2025_19,2025,19,ocon,haas,15,13.288571428571428,2024,2025,0.95
hadjar_2025_19,2025,19,hadjar,rb,16,12.965714285714286,2024,2025,0.95
colapinto_2025_19,2025,19,colapinto,alpine,17,14.151428571428571,2024,2025,0.95
bortoleto_2025_19,2025,19,bortoleto,sauber,18,13.397142857142857,2024,2025,0.95
gasly_2025_19,2025,19,gasly,alpine,19,13.168571428571429,2024,2025,0.95
norris_2025_20,2025,20,norris,mclaren,1,3.6742857142857144,2024,2025,0.95
leclerc_2025_20,2025,20,leclerc,ferrari,2,3.742857142857143,2024,2025,0.95
max_verstappen_2025_20,2025,20,max_verstappen,red_bull,3,4.057142857142857,2024,2025,0.95
bearman_2025_20,2025,20,bearman,haas,4,10.402857142857142,2024,2025,0.95
piastri_2025_20,2025,20,piastri,mclaren,5,5.128571428571429,2024,2025,0.95
antonelli_2025_20,2025,20,antonelli,mercedes,6,7.377142857142857,2024,2025,0.95
russell_2025_20,2025,20,russell,mercedes,7,4.554285714285714,2024,2025,0.95
hamilton_2025_20,2025,20,hamilton,ferrari,8,4.074285714285714,2024,2025,0.95
ocon_2025_20,2025,20,ocon,haas,9,11.165714285714285,2024,2025,0.95
bortoleto_2025_20,2025,20,bortoleto,sauber,10,13.56,2024,2025,0.95
tsunoda_2025_20,2025,20,tsunoda,red_bull,11,9.665714285714285,2024,2025,0.95
albon_2025_20,2025,20,albon,williams,12,13.222857142857142,2024,2025,0.95
hadjar_2025_20,2025,20,hadjar,rb,13,10.017142857142858,2024,2025,0.95
stroll_2025_20,2025,20,stroll,aston_martin,14,13.92,2024,2025,0.95
gasly_2025_20,2025,20,gasly,alpine,15,13.865714285714287,2024,2025,0.95
colapinto_2025_20,2025,20,colapinto,alpine,16,14.957142857142857,2024,2025,0.95
norris_2025_21,2025,21,norris,mclaren,1,4.225714285714286,2024,2025,0.95
antonelli_2025_21,2025,21,antonelli,mercedes,2,5.9,2024,2025,0.95
max_verstappen_2025_21,2025,21,max_verstappen,red_bull,3,4.757142857142857,2024,2025,0.95
russell_2025_21,2025,21,russell,mercedes,4,6.091428571428572,2024,2025,0.95
piastri_2025_21,2025,21,piastri,mclaren,5,4.24,2024,2025,0.95
bearman_2025_21,2025,21,bearman,haas,6,9.674285714285714,2024,2025,0.95
lawson_2025_21,2025,21,lawson,rb,7,9.868571428571428,2024,2025,0.95
hadjar_2025_21,2025,21,hadjar,rb,8,8.508571428571429,2024,2025,0.95
hulkenberg_2025_21,2025,21,hulkenberg,sauber,9,10.614285714285714,2024,2025,0.95
gasly_2025_21,2025,21,gasly,alpine,10,9.502857142857144,2024,2025,0.95
albon_2025_21,2025,21,albon,williams,11,10.765714285714285,2024,2025,0.95
ocon_2025_21,2025,21,ocon,haas,12,13.148571428571428,2024,2025,0.95
sainz_2025_21,2025,21,sainz,williams,13,12.031428571428572,2024,2025,0.95
alonso_2025_21,2025,21,alonso,aston_martin,14,11.314285714285715,2024,2025,0.95
colapinto_2025_21,2025,21,colapinto,alpine,15,14.84,2024,2025,0.95
stroll_2025_21,2025,21,stroll,aston_martin,16,11.882857142857143,2024,2025,0.95
tsunoda_2025_21,2025,21,tsunoda,red_bull,17,10.425714285714285,2024,2025,0.95
max_verstappen_2025_22,2025,22,max_verstappen,red_bull,1,4.1085714285714285,2024,2025,0.95
russell_2025_22,2025,22,russell,mercedes,2,5.3342857142857145,2024,2025,0.95
antonelli_2025_22,2025,22,antonelli,mercedes,3,7.671428571428572,2024,2025,0.95
leclerc_2025_22,2025,22,leclerc,ferrari,4,5.485714285714286,2024,2025,0.95
sainz_2025_22,2025,22,sainz,williams,5,9.208571428571428,2024,2025,0.95
hadjar_2025_22,2025,22,hadjar,rb,6,10.002857142857144,2024,2025,0.95
hulkenberg_2025_22,2025,22,hulkenberg,sauber,7,11.685714285714285,2024,2025,0.95
hamilton_2025_22,2025,22,hamilton,ferrari,8,8.78,2024,2025,0.95
ocon_2025_22,2025,22,ocon,haas,9,12.185714285714285,2024,2025,0.95
bearman_2025_22,2025,22,bearman,haas,10,11.397142857142857,2024,2025,0.95
alonso_2025_22,2025,22,alonso,aston_martin,11,10.28,2024,2025,0.95
tsunoda_2025_22,2025,22,tsunoda,red_bull,12,10.725714285714286,2024,2025,0.95
gasly_2025_22,2025,22,gasly,alpine,13,10.265714285714285,2024,2025,0.95
lawson_2025_22,2025,22,lawson,rb,14,8.90857142857143,2024,2025,0.95
colapinto_2025_22,2025,22,colapinto,alpine,15,14.348571428571429,2024,2025,0.95
max_verstappen_2025_23,2025,23,max_verstappen,red_bull,1,3.6914285714285713,2024,2025,0.95
piastri_2025_23,2025,23,piastri,mclaren,2,3.6857142857142855,2024,2025,0.95
sainz_2025_23,2025,23,sainz,williams,3,8.774285714285714,2024,2025,0.95
norris_2025_23,2025,23,norris,mclaren,4,4.411428571428571,2024,2025,0.95
antonelli_2025_23,2025,23,antonelli,mercedes,5,6.02,2024,2025,0.95
russell_2025_23,2025,23,russell,mercedes,6,5.1,2024,2025,0.95
alonso_2025_23,2025,23,alonso,aston_martin,7,9.43142857142857,2024,2025,0.95
leclerc_2025_23,2025,23,leclerc,ferrari,8,6.117142857142857,2024,2025,0.95
lawson_2025_23,2025,23,lawson,rb,9,11.685714285714285,2024,2025,0.95
tsunoda_2025_23,2025,23,tsunoda,red_bull,10,10.005714285714285,2024,2025,0.95
albon_2025_23,2025,23,albon,williams,11,12.985714285714286,2024,2025,0.95
hamilton_2025_23,2025,23,hamilton,ferrari,12,8.194285714285714,2024,2025,0.95
bortoleto_2025_23,2025,23,bortoleto,sauber,13,12.925714285714285,2024,2025,0.95
colapinto_2025_23,2025,23,colapinto,alpine,14,14.58,2024,2025,0.95
ocon_2025_23,2025,23,ocon,haas,15,13.277142857142858,2024,2025,0.95
gasly_2025_23,2025,23,gasly,alpine,16,9.877142857142857,2024,2025,0.95
max_verstappen_2025_24,2025,24,max_verstappen,red_bull,1,3.2114285714285713,2024,2025,0.95
piastri_2025_24,2025,24,piastri,mclaren,2,3.7542857142857144,2024,2025,0.95
norris_2025_24,2025,24,norris,mclaren,3,3.817142857142857,2024,2025,0.95
leclerc_2025_24,2025,24,leclerc,ferrari,4,4.368571428571428,2024,2025,0.95
russell_2025_24,2025,24,russell,mercedes,5,4.557142857142857,2024,2025,0.95
alonso_2025_24,2025,24,alonso,aston_martin,6,8.928571428571429,2024,2025,0.95
ocon_2025_24,2025,24,ocon,haas,7,11.202857142857143,2024,2025,0.95
hamilton_2025_24,2025,24,hamilton,ferrari,8,8.002857142857144,2024,2025,0.95
hulkenberg_2025_24,2025,24,hulkenberg,sauber,9,13.817142857142857,2024,2025,0.95
stroll_2025_24,2025,24,stroll,aston_martin,10,12.934285714285714,2024,2025,0.95
bortoleto_2025_24,2025,24,bortoleto,sauber,11,10.505714285714285,2024,2025,0.95
bearman_2025_24,2025,24,bearman,haas,12,10.48,2024,2025,0.95
sainz_2025_24,2025,24,sainz,williams,13,10.194285714285714,2024,2025,0.95
tsunoda_2025_24,2025,24,tsunoda,red_bull,14,9.04,2024,2025,0.95
antonelli_2025_24,2025,24,antonelli,mercedes,15,7.1971428571428575,2024,2025,0.95
albon_2025_24,2025,24,albon,williams,16,13.545714285714286,2024,2025,0.95
hadjar_2025_24,2025,24,hadjar,rb,17,9.937142857142858,2024,2025,0.95
lawson_2025_24,2025,24,lawson,rb,18,11.951428571428572,2024,2025,0.95
gasly_2025_24,2025,24,gasly,alpine,19,14.285714285714286,2024,2025,0.95
colapinto_2025_24,2025,24,colapinto,alpine,20,14.928571428571429,2024,2025,0.95
