driver_id,given_name,family_name,date_of_birth,nationality
abate,Carlo,Abate,1932-07-10,Italian
abecassis,George,Abecassis,1913-03-21,British
acheson,Kenny,Acheson,1957-11-27,British
adams,Philippe,Adams,1969-11-19,Belgian
ader,Walt,Ader,1913-12-15,American
adolff,Kurt,Adolff,1921-11-05,German
agabashian,Fred,Agabashian,1913-08-21,American
ahrens,Kurt,Ahrens,1940-04-19,German
aitken,Jack,Aitken,1995-09-23,British
albers,Christijan,Albers,1979-04-16,Dutch
albon,Alexander,Albon,1996-03-23,Thai
alboreto,Michele,Alboreto,1956-12-23,Italian
alesi,Jean,Alesi,1964-06-11,French
alguersuari,Jaime,Alguersuari,1990-03-23,Spanish
alliot,Philippe,Alliot,1954-07-27,French
allison,Cliff,Allison,1932-02-08,British
alonso,Fernando,Alonso,1981-07-29,Spanish
amati,Giovanna,Amati,1959-07-20,Italian
george_amick,George,Amick,1924-10-24,American
amick,Red,Amick,1929-01-19,American
amon,Chris,Amon,1943-07-20,New Zealander
anderson,Bob,Anderson,1931-05-19,British
andersson,Conny,Andersson,1939-12-28,Swedish
mario_andretti,Mario,Andretti,1940-02-28,American
andretti,Michael,Andretti,1962-10-05,American
andrews,Keith,Andrews,1920-06-15,American
antonelli,Andrea Kimi,Antonelli,2006-08-25,Italian
apicella,Marco,Apicella,1965-10-07,Italian
armi,Frank,Armi,1918-10-12,American
arnold,Chuck,Arnold,1926-05-30,American
arnoux,René,Arnoux,1948-07-04,French
paul_aron,Paul,Aron,,
arundell,Peter,Arundell,1933-11-08,British
ascari,Alberto,Ascari,1918-07-13,Italian
ashdown,Peter,Ashdown,1934-10-16,British
ashley,Ian,Ashley,1947-10-26,British
ashmore,Gerry,Ashmore,1936-07-25,British
aston,Bill,Aston,1900-03-29,British
attwood,Richard,Attwood,1940-04-04,British
ayulo,Manny,Ayulo,1921-10-20,American
badoer,Luca,Badoer,1971-01-25,Italian
baghetti,Giancarlo,Baghetti,1934-12-25,Italian
bailey,Julian,Bailey,1961-10-09,British
baldi,Mauro,Baldi,1954-01-31,Italian
ball,Bobby,Ball,1925-08-26,American
balsa,Marcel,Balsa,1909-01-01,French
bandini,Lorenzo,Bandini,1935-12-21,Italian
banks,Henry,Banks,1913-06-14,American
barbazza,Fabrizio,Barbazza,1963-04-02,Italian
john_barber,John,Barber,1929-07-22,British
barber,Skip,Barber,1936-11-16,American
barilla,Paolo,Barilla,1961-04-20,Italian
barrichello,Rubens,Barrichello,1972-05-23,Brazilian
bartels,Michael,Bartels,1968-03-08,German
barth,Edgar,Barth,1917-01-26,German
bassi,Giorgio,Bassi,1934-01-20,Italian
bauer,Erwin,Bauer,1912-07-17,German
baumgartner,Zsolt,Baumgartner,1981-01-01,Hungarian
bayol,Élie,Bayol,1914-02-28,French
bearman,Oliver,Bearman,2005-05-08,British
beauman,Don,Beauman,1928-07-26,British
bechem,Günther,Bechem,1921-12-21,German
dino_beganovic,Dino,Beganovic,,
behra,Jean,Behra,1921-02-16,French
bell,Derek,Bell,1941-10-31,British
bellof,Stefan,Bellof,1957-11-20,German
belmondo,Paul,Belmondo,1963-04-23,French
belso,Tom,Belsø,1942-08-27,Danish
beltoise,Jean-Pierre,Beltoise,1937-04-26,French
beretta,Olivier,Beretta,1969-11-23,Monegasque
berg,Allen,Berg,1961-08-01,Canadian
georges_berger,Georges,Berger,1918-09-14,Belgian
berger,Gerhard,Berger,1959-08-27,Austrian
bernard,Éric,Bernard,1964-08-24,French
bernoldi,Enrique,Bernoldi,1978-10-19,Brazilian
bertaggia,Enrico,Bertaggia,1964-09-19,Italian
bettenhausen,Tony,Bettenhausen,1916-09-12,American
beuttler,Mike,Beuttler,1940-04-13,British
bianchi,Lucien,Bianchi,1934-11-10,Belgian
jules_bianchi,Jules,Bianchi,1989-08-03,French
bianco,Gino,Bianco,1916-07-22,Brazilian
binder,Hans,Binder,1948-06-12,Austrian
biondetti,Clemente,Biondetti,1898-08-18,Italian
bira,Prince,Bira,1914-07-15,Thai
birger,Pablo,Birger,1924-01-07,Argentine
bisch,Art,Bisch,1926-11-10,American
blanchard,Harry,Blanchard,1929-06-13,American
bleekemolen,Michael,Bleekemolen,1949-10-02,Dutch
blignaut,Alex,Blignaut,1932-11-30,South African
blokdyk,Trevor,Blokdyk,1935-11-30,South African
blundell,Mark,Blundell,1966-04-08,British
boesel,Raul,Boesel,1957-12-04,Brazilian
boffa,Menato,Boffa,1930-01-04,Italian
bondurant,Bob,Bondurant,1933-04-27,American
bonetto,Felice,Bonetto,1903-06-09,Italian
bonnier,Jo,Bonnier,1930-01-31,Swedish
bonomi,Roberto,Bonomi,1919-09-30,Argentine
bordeu,Juan Manuel,Bordeu,1934-01-28,Argentine
borgudd,Slim,Borgudd,1946-11-25,Swedish
bortoleto,Gabriel,Bortoleto,2004-10-14,Brazilian
botha,Luki,Botha,1930-01-16,South African
bottas,Valtteri,Bottas,1989-08-28,Finnish
boullion,Jean-Christophe,Boullion,1969-12-27,French
bourdais,Sébastien,Bourdais,1979-02-28,French
boutsen,Thierry,Boutsen,1957-07-13,Belgian
boyd,Johnny,Boyd,1926-08-19,American
jack_brabham,Jack,Brabham,1926-04-02,Australian
gary_brabham,Gary,Brabham,1961-03-29,Australian
brabham,David,Brabham,1965-09-05,Australian
brack,Bill,Brack,1935-12-26,Canadian
ernesto_brambilla,Ernesto,Brambilla,1934-01-31,Italian
brambilla,Vittorio,Brambilla,1937-11-11,Italian
branca,Toni,Branca,1916-09-15,Swiss
brancatelli,Gianfranco,Brancatelli,1950-01-18,Italian
brandon,Eric,Brandon,1920-07-18,British
branson,Don,Branson,1920-06-02,American
bridger,Tom,Bridger,1934-06-24,British
brise,Tony,Brise,1952-03-28,British
bristow,Chris,Bristow,1937-12-02,British
broeker,Peter,Broeker,1926-05-15,Canadian
brooks,Tony,Brooks,1932-02-25,British
walt_brown,Walt,Brown,1911-12-30,American
alan_brown,Alan,Brown,1919-11-20,British
brown,Warwick,Brown,1949-12-24,Australian
luke_browning,Luke,Browning,,
brudes,Adolf,Brudes,1899-10-15,German
brundle,Martin,Brundle,1959-06-01,British
bruni,Gianmaria,Bruni,1981-05-30,Italian
bryan,Jimmy,Bryan,1926-01-28,American
bucci,Clemar,Bucci,1920-09-04,Argentine
bucknum,Ronnie,Bucknum,1936-04-05,American
bueb,Ivor,Bueb,1923-06-06,British
buemi,Sébastien,Buemi,1988-10-31,Swiss
bueno,Luiz,Bueno,1937-01-16,Brazilian
burgess,Ian,Burgess,1930-07-06,British
burti,Luciano,Burti,1975-03-05,Brazilian
bussinello,Roberto,Bussinello,1927-10-04,Italian
button,Jenson,Button,1980-01-19,British
byrne,Tommy,Byrne,1958-05-06,Irish
cabantous,Yves,Cabantous,1904-10-08,French
cabianca,Giulio,Cabianca,1923-02-19,Italian
cabral,Mário de Araújo,Cabral,1934-01-15,Portuguese
cade,Phil,Cade,1916-06-12,American
caffi,Alex,Caffi,1964-03-18,Italian
campbell-jones,John,Campbell-Jones,1930-01-21,British
campos,Adrián,Campos,1960-06-17,Spanish
Cannoc,John,Cannon,1933-06-21,Canadian
cantoni,Eitel,Cantoni,1906-10-04,Uruguayan
cantrell,Bill,Cantrell,1908-01-31,American
capelli,Ivan,Capelli,1963-05-24,Italian
carini,Piero,Carini,1921-03-06,Italian
darter,Duane,Carter,1913-05-05,American
castellotti,Eugenio,Castellotti,1930-10-10,Italian
cecotto,Johnny,Cecotto,1956-01-25,Venezuelan
cevert,François,Cevert,1944-02-25,French
chaboud,Eugène,Chaboud,1907-04-12,French
chamberlain,Jay,Chamberlain,1925-12-29,American
chandhok,Karun,Chandhok,1984-01-19,Indian
chapman,Colin,Chapman,1928-05-19,British
charlton,Dave,Charlton,1936-10-27,South African
chaves,Pedro,Chaves,1965-02-27,Portuguese
cheesbourg,Bill,Cheesbourg,1927-06-12,American
cheever,Eddie,Cheever,1958-01-10,American
chiesa,Andrea,Chiesa,1964-05-06,Swiss
chilton,Max,Chilton,1991-04-21,British
chimeri,Ettore,Chimeri,1921-06-04,Venezuelan
chiron,Louis,Chiron,1899-08-03,Monegasque
chitwood,Joie,Chitwood,1912-04-14,American
christie,Bob,Christie,1924-04-04,American
claes,Johnny,Claes,1916-08-11,Belgian
clapham,David,Clapham,1931-05-18,South African
clark,Jim,Clark,1936-03-04,British
cogan,Kevin,Cogan,1956-03-31,American
colapinto,Franco,Colapinto,2003-05-27,Argentine
collins,Peter,Collins,1931-11-06,British
collomb,Bernard,Collomb,1930-10-07,French
colombo,Alberto,Colombo,1946-02-23,Italian
comas,Érik,Comas,1963-09-28,French
comotti,Franco,Comotti,1906-07-24,Italian
george_connor,George,Connor,1906-08-16,American
constantine,George,Constantine,1918-02-22,American
cordts,John,Cordts,1935-07-23,Canadian
coulthard,David,Coulthard,1971-03-27,British
courage,Piers,Courage,1942-05-27,British
craft,Chris,Craft,1939-11-17,British
ray_crawford,Ray,Crawford,1915-10-26,American
crawford,Jim,Crawford,1948-02-13,British
jak_crawford,Jak,Crawford,,
crespo,Alberto,Crespo,1920-01-16,Argentine
creus,Antonio,Creus,1924-10-28,Spanish
crockett,Larry,Crockett,1926-10-23,American
crook,Tony,Crook,1920-02-16,British
cross,Art,Cross,1918-01-24,American
crossley,Geoff,Crossley,1921-05-11,British
cruz,Adolfo,Cruz,1923-06-28,Argentine
daigh,Chuck,Daigh,1923-11-29,American
dalmas,Yannick,Dalmas,1961-07-28,French
daly,Derek,Daly,1953-03-11,Irish
danner,Christian,Danner,1958-04-04,German
daponte,Jorge,Daponte,1923-06-05,Argentine
davidson,Anthony,Davidson,1979-04-18,British
davies,Jimmy,Davies,1929-08-08,American
davis,Colin,Davis,1933-07-29,British
daywalt,Jimmy,Daywalt,1924-08-28,American
depailler,Patrick,Depailler,1944-08-09,French
diniz,Pedro,Diniz,1970-05-22,Brazilian
dinsmore,Duke,Dinsmore,1913-04-10,American
dochnal,Frank,Dochnal,1920-10-08,American
dolhem,José,Dolhem,1944-04-26,French
donnelly,Martin,Donnelly,1964-03-26,British
donohue,Mark,Donohue,1937-03-18,American
doohan,Jack,Doohan,2003-01-20,Australian
doornbos,Robert,Doornbos,1981-09-23,Dutch
downing,Ken,Downing,1917-12-05,British
drake,Bob,Drake,1919-12-14,American
driver,Paddy,Driver,1934-05-13,South African
drogo,Piero,Drogo,1926-08-08,Italian
felipe_drugovich,Felipe,Drugovich,,
duke,Geoff,Duke,1923-03-29,British
dumfries,Johnny,Dumfries,1958-04-26,British
duncan,Len,Duncan,1911-07-25,American
alexander_dunne,Alexander,Dunne,,
dusio,Piero,Dusio,1899-10-13,Italian
deletraz,Jean-Denis,Délétraz,1963-10-01,Swiss
eaton,George,Eaton,1945-11-12,Canadian
ecclestone,Bernie,Ecclestone,1930-10-28,British
edmunds,Don,Edmunds,1930-09-23,American
edwards,Guy,Edwards,1942-12-30,British
elford,Vic,Elford,1935-06-10,British
elisian,Ed,Elisian,1926-12-09,American
emery,Paul,Emery,1916-11-12,British
enge,Tomáš,Enge,1976-09-11,Czech
england,Paul,England,1929-03-28,Australian
ericsson,Marcus,Ericsson,1990-09-02,Swedish
ertl,Harald,Ertl,1948-08-31,Austrian
estefano,Nasif,Estéfano,1932-11-18,Argentine
evans,Bob,Evans,1947-06-11,British
fabi,Teo,Fabi,1955-03-09,Italian
corrado_fabi,Corrado,Fabi,1961-04-12,Italian
fabre,Pascal,Fabre,1960-01-09,French
facetti,Carlo,Facetti,1935-06-26,Italian
fagioli,Luigi,Fagioli,1898-06-09,Italian
fairman,Jack,Fairman,1913-03-15,British
fangio,Juan,Fangio,1911-06-24,Argentine
farina,Nino,Farina,1906-10-30,Italian
faulkner,Walt,Faulkner,1920-02-16,American
firman,Ralph,Firman,1975-05-20,Irish
fischer,Rudi,Fischer,1912-04-19,Swiss
fisher,Mike,Fisher,1943-03-13,American
fisichella,Giancarlo,Fisichella,1973-01-14,Italian
fitch,John,Fitch,1917-08-04,American
emerson_fittipaldi,Emerson,Fittipaldi,1946-12-12,Brazilian
wilson_fittipaldi,Wilson,Fittipaldi,1943-12-25,Brazilian
fittipaldi,Christian,Fittipaldi,1971-01-18,Brazilian
pietro_fittipaldi,Pietro,Fittipaldi,1996-06-25,Brazilian
fitzau,Theo,Fitzau,1923-02-10,East German
flaherty,Pat,Flaherty,1926-01-06,American
flinterman,Jan,Flinterman,1919-10-02,Dutch
flockhart,Ron,Flockhart,1923-06-16,British
fohr,Myron,Fohr,1912-06-17,American
foitek,Gregor,Foitek,1965-03-27,Swiss
follmer,George,Follmer,1934-01-27,American
fonder,George,Fonder,1917-06-22,American
fontana,Norberto,Fontana,1975-01-20,Argentine
fontes,Azdrubal,Fontes,1922-12-26,Uruguayan
forberg,Carl,Forberg,1911-03-04,American
force,Gene,Force,1916-06-15,American
forini,Franco,Forini,1958-09-22,Swiss
parker,Philip,Fotheringham-Parker,1907-09-22,British
foyt,Anthony,Foyt,1935-01-16,American
gimax,Carlo,Franchi,1938-01-01,Italian
francia,Giorgio,Francia,1947-11-08,Italian
freeland,Don,Freeland,1925-03-25,American
frentzen,Heinz-Harald,Frentzen,1967-05-18,German
friesacher,Patrick,Friesacher,1980-09-26,Austrian
fry,Joe,Fry,1915-10-26,British
frere,Paul,Frère,1917-01-30,Belgian
antonio_fuoco,Antonio,Fuoco,,
fushida,Hiroshi,Fushida,1946-03-10,Japanese
gabbiani,Beppe,Gabbiani,1957-01-02,Italian
gachot,Bertrand,Gachot,1962-12-23,Belgian
gaillard,Patrick,Gaillard,1952-02-12,French
galica,Divina,Galica,1944-08-13,British
galli,Nanni,Galli,1940-10-02,Italian
gamble,Fred,Gamble,1932-03-17,American
ganley,Howden,Ganley,1941-12-24,New Zealander
gardner,Frank,Gardner,1930-10-01,Australian
garrett,Billy,Garrett,1933-04-24,American
gartner,Jo,Gartner,1954-01-24,Austrian
gasly,Pierre,Gasly,1996-02-07,French
gaze,Tony,Gaze,1920-02-03,Australian
gendebien,Olivier,Gendebien,1924-01-12,Belgian
gene,Marc,Gené,1974-03-29,Spanish
george,Elmer,George,1928-07-15,American
gerard,Bob,Gerard,1914-01-19,British
gerini,Gerino,Gerini,1928-08-10,Italian
gethin,Peter,Gethin,1940-02-21,British
ghinzani,Piercarlo,Ghinzani,1952-01-16,Italian
giacomelli,Bruno,Giacomelli,1952-09-10,Italian
gibson,Dick,Gibson,1918-04-16,British
ginther,Richie,Ginther,1930-08-05,American
giovinazzi,Antonio,Giovinazzi,1993-12-14,Italian
giunti,Ignazio,Giunti,1941-08-30,Italian
glock,Timo,Glock,1982-03-18,German
godia,Paco,Godia,1921-03-21,Spanish
goethals,Christian,Goethals,1928-08-04,Belgian
goldsmith,Paul,Goldsmith,1925-10-02,American
gonzalez,José Froilán,González,1922-10-05,Argentine
oscar_gonzalez,Óscar,González,1923-11-10,Uruguayan
gordini,Aldo,Gordini,1921-05-20,French
gould,Horace,Gould,1918-09-20,British
gounon,Jean-Marc,Gounon,1963-01-01,French
green,Cecil,Green,1919-09-30,American
greene,Keith,Greene,1938-01-05,British
gregory,Masten,Gregory,1932-02-29,American
griffith,Cliff,Griffith,1916-02-06,American
grignard,Georges,Grignard,1905-07-25,French
grim,Bobby,Grim,1924-09-04,American
grosjean,Romain,Grosjean,1986-04-17,French
grouillard,Olivier,Grouillard,1958-09-02,French
gubby,Brian,Gubby,1934-04-17,British
guelfi,André,Guelfi,1919-05-06,French
guerra,Miguel Ángel,Guerra,1953-08-31,Argentine
guerrero,Roberto,Guerrero,1958-11-16,Colombian
gugelmin,Maurício,Gugelmin,1963-04-20,Brazilian
gurney,Dan,Gurney,1931-04-13,American
gutierrez,Esteban,Gutiérrez,1991-08-05,Mexican
galvez,Oscar,Gálvez,1913-08-17,Argentine
hadjar,Isack,Hadjar,2004-09-28,French
hahne,Hubert,Hahne,1935-03-28,German
hailwood,Mike,Hailwood,1940-04-02,British
halford,Bruce,Halford,1931-05-18,British
hall,Jim,Hall,1935-07-23,American
duncan_hamilton,Duncan,Hamilton,1920-04-30,British
hamilton,Lewis,Hamilton,1985-01-07,British
hampshire,David,Hampshire,1917-12-29,British
hanks,Sam,Hanks,1914-07-13,American
hansgen,Walt,Hansgen,1919-10-28,American
harris,Mike,Harris,1939-05-25,South African
harrison,Cuth,Harrison,1906-07-06,British
hart,Brian,Hart,1936-09-07,British
hartley,Gene,Hartley,1926-01-28,American
brendon_hartley,Brendon,Hartley,1989-11-10,New Zealander
haryanto,Rio,Haryanto,1993-01-22,Indonesian
hasemi,Masahiro,Hasemi,1945-11-13,Japanese
hattori,Naoki,Hattori,1966-06-13,Japanese
hawkins,Paul,Hawkins,1937-10-12,Australian
hawthorn,Mike,Hawthorn,1929-04-10,British
heeks,Willi,Heeks,1922-02-13,German
heidfeld,Nick,Heidfeld,1977-05-10,German
helfrich,Theo,Helfrich,1913-05-13,German
hellings,Mack,Hellings,1915-09-14,American
henton,Brian,Henton,1946-09-19,British
herbert,Johnny,Herbert,1964-06-25,British
herman,Al,Herman,1927-03-15,American
herrmann,Hans,Herrmann,1928-02-23,German
hesnault,François,Hesnault,1956-12-30,French
heyer,Hans,Heyer,1943-03-16,German
hill,Graham,Hill,1929-02-15,British
phil_hill,Phil,Hill,1927-04-20,American
damon_hill,Damon,Hill,1960-09-17,British
ryo_hirakawa,Ryo,Hirakawa,,
hirt,Peter,Hirt,1910-03-30,Swiss
hobbs,David,Hobbs,1939-06-09,British
hocking,Gary,Hocking,1937-09-30,Rhodesian
hoffmann,Ingo,Hoffmann,1953-02-28,Brazilian
holland,Bill,Holland,1907-12-18,American
holmes,Jackie,Holmes,1920-09-04,American
homeier,Bill,Homeier,1918-08-31,American
hoshino,Kazuyoshi,Hoshino,1947-07-01,Japanese
hoyt,Jerry,Hoyt,1929-01-29,American
hulme,Denny,Hulme,1936-06-18,New Zealander
hunt,James,Hunt,1947-08-29,British
hurtubise,Jim,Hurtubise,1932-12-05,American
hutchison,Gus,Hutchison,1937-04-26,American
hakkinen,Mika,Häkkinen,1968-09-28,Finnish
hulkenberg,Nico,Hülkenberg,1987-08-19,German
ickx,Jacky,Ickx,1945-01-01,Belgian
ide,Yuji,Ide,1975-01-21,Japanese
iglesias,Jesús,Iglesias,1922-02-22,Argentine
inoue,Taki,Inoue,1963-09-05,Japanese
ireland,Innes,Ireland,1930-06-12,British
irvine,Eddie,Irvine,1965-11-10,British
irwin,Chris,Irwin,1942-06-27,British
ayumu_iwasa,Ayumu,Iwasa,,
jabouille,Jean-Pierre,Jabouille,1942-10-01,French
jackson,Jimmy,Jackson,1910-07-25,American
james,Joe,James,1925-05-23,American
john_james,John,James,1914-05-10,British
jarier,Jean-Pierre,Jarier,1946-07-10,French
jean,Max,Jean,1943-07-27,French
johansson,Stefan,Johansson,1956-09-08,Swedish
leslie_johnson,Leslie,Johnson,1912-03-22,British
johnson,Eddie,Johnson,1919-02-10,American
johnstone,Bruce,Johnstone,1937-01-30,South African
tom_jones,Tom,Jones,1943-04-26,American
jones,Alan,Jones,1946-11-02,Australian
jover,Juan,Jover,1903-11-23,Spanish
lehto,Jyrki,Järvilehto,1966-01-31,Finnish
karch,Oswald,Karch,1917-03-06,German
karthikeyan,Narain,Karthikeyan,1977-01-14,Indian
katayama,Ukyo,Katayama,1963-05-29,Japanese
kavanagh,Ken,Kavanagh,1923-12-12,Australian
keegan,Rupert,Keegan,1955-02-26,British
keizan,Eddie,Keizan,1944-09-12,South African
keller,Al,Keller,1920-04-11,American
kelly,Joe,Kelly,1913-03-13,Irish
kennedy,Dave,Kennedy,1953-01-15,Irish
kessel,Loris,Kessel,1950-04-01,Swiss
kessler,Bruce,Kessler,1936-03-23,American
kiesa,Nicolas,Kiesa,1978-03-03,Danish
kinnunen,Leo,Kinnunen,1943-08-05,Finnish
kladis,Danny,Kladis,1917-02-10,American
klenk,Hans,Klenk,1919-10-28,German
klien,Christian,Klien,1983-02-07,Austrian
kling,Karl,Kling,1910-09-16,German
klodwig,Ernst,Klodwig,1903-05-23,East German
kobayashi,Kamui,Kobayashi,1986-09-13,Japanese
koinigg,Helmuth,Koinigg,1948-11-03,Austrian
kovalainen,Heikki,Kovalainen,1981-10-19,Finnish
kozarowitzky,Mikko,Kozarowitzky,1948-05-17,Finnish
krause,Rudolf,Krause,1907-03-30,East German
kubica,Robert,Kubica,1984-12-07,Polish
kuhnke,Kurt,Kuhnke,1910-04-30,German
kvyat,Daniil,Kvyat,1994-04-26,Russian
la_caze,Robert,La Caze,1917-02-26,French
laffite,Jacques,Laffite,1943-11-21,French
lagorce,Franck,Lagorce,1968-09-01,French
lammers,Jan,Lammers,1956-06-02,Dutch
lamy,Pedro,Lamy,1972-03-20,Portuguese
landi,Chico,Landi,1907-07-14,Brazilian
lang,Hermann,Lang,1909-04-06,German
langes,Claudio,Langes,1960-07-20,Italian
larini,Nicola,Larini,1964-03-19,Italian
larrauri,Oscar,Larrauri,1954-08-19,Argentine
larreta,Alberto Rodriguez,Larreta,1934-01-14,Argentine
larrousse,Gérard,Larrousse,1940-05-23,French
larson,Jud,Larson,1923-01-21,American
latifi,Nicholas,Latifi,1995-06-29,Canadian
lauda,Niki,Lauda,1949-02-22,Austrian
laurent,Roger,Laurent,1913-02-21,Belgian
lavaggi,Giovanni,Lavaggi,1958-02-18,Italian
lawrence,Chris,Lawrence,1933-07-27,British
lawson,Liam,Lawson,2002-02-11,New Zealander
leclerc,Charles,Leclerc,1997-10-16,Monegasque
arthur_leclerc,Arthur,Leclerc,,
leclere,Michel,Leclère,1946-03-18,French
lederle,Neville,Lederle,1938-09-25,South African
lees,Geoff,Lees,1951-05-01,British
legat,Arthur,Legat,1898-11-01,Belgian
leoni,Lamberto,Leoni,1953-05-24,Italian
leston,Les,Leston,1920-12-16,British
levegh,Pierre,Levegh,1905-12-22,French
levrett,Bayliss,Levrett,1914-02-14,American
lewis,Jackie,Lewis,1936-11-01,British
lewis-evans,Stuart,Lewis-Evans,1930-04-20,British
ligier,Guy,Ligier,1930-07-12,French
arvid_lindblad,Arvid,Lindblad,2007-08-08,British
linden,Andy,Linden,1922-04-05,American
lippi,Roberto,Lippi,1926-10-17,Italian
liuzzi,Vitantonio,Liuzzi,1980-08-06,Italian
lombardi,Lella,Lombardi,1941-03-26,Italian
londono,Ricardo,Londoño,1949-08-08,Colombian
loof,Ernst,Loof,1907-07-04,German
lotterer,André,Lotterer,1981-11-19,German
louveau,Henri,Louveau,1910-01-25,French
love,John,Love,1924-12-07,Rhodesian
lovely,Pete,Lovely,1926-04-11,American
loyer,Roger,Loyer,1907-08-05,French
lucas,Jean,Lucas,1917-04-25,French
lucienbonnet,Jean,Lucienbonnet,1923-01-07,French
lunger,Brett,Lunger,1945-11-14,American
hayje,Boy,Lunger,1949-05-03,Dutch
macdowel,Mike,MacDowel,1932-09-13,British
mackay-fraser,Herbert,MacKay-Fraser,1927-06-23,American
mackey,Bill,Mackey,1927-12-15,American
macklin,Lance,Macklin,1919-09-02,British
magee,Damien,Magee,1945-11-17,British
maggs,Tony,Maggs,1937-02-09,South African
magill,Mike,Magill,1920-02-08,American
maglioli,Umberto,Maglioli,1928-06-05,Italian
magnussen,Jan,Magnussen,1973-07-04,Danish
kevin_magnussen,Kevin,Magnussen,1992-10-05,Danish
guy_mairesse,Guy,Mairesse,1910-08-10,French
mairesse,Willy,Mairesse,1928-10-01,Belgian
maldonado,Pastor,Maldonado,1985-03-09,Venezuelan
mansell,Nigel,Mansell,1953-08-08,British
mantovani,Sergio,Mantovani,1929-05-22,Italian
mantz,Johnny,Mantz,1918-09-18,American
manzon,Robert,Manzon,1917-04-12,French
marimon,Onofre,Marimón,1923-12-19,Argentine
marko,Helmut,Marko,1943-04-27,Austrian
marques,Tarso,Marques,1976-01-19,Brazilian
marr,Leslie,Marr,1922-08-14,British
marsh,Tony,Marsh,1931-07-20,British
martin,Eugène,Martin,1915-03-24,French
martini,Pierluigi,Martini,1961-04-23,Italian
victor_martins,Victor,Martins,,
mass,Jochen,Mass,1946-09-30,German
massa,Felipe,Massa,1981-04-25,Brazilian
may,Michael,May,1934-08-18,Swiss
mayer,Timmy,Mayer,1938-02-22,American
mazepin,Nikita,Mazepin,1999-03-02,Russian
mazet,François,Mazet,1943-02-24,French
mazzacane,Gastón,Mazzacane,1975-05-08,Argentine
mcalpine,Kenneth,McAlpine,1920-09-21,British
mccarthy,Perry,McCarthy,1961-03-03,British
mccoy,Ernie,McCoy,1921-02-19,American
mcdowell,Johnny,McDowell,1915-01-29,American
mcgrath,Jack,McGrath,1919-10-08,American
mcguire,Brian,McGuire,1945-12-13,Australian
mclaren,Bruce,McLaren,1937-08-30,New Zealander
mcnish,Allan,McNish,1969-12-29,British
mcrae,Graham,McRae,1940-03-05,New Zealander
mcwithey,Jim,McWithey,1927-07-04,American
menditeguy,Carlos,Menditeguy,1914-08-10,Argentine
merhi,Roberto,Merhi,1991-03-22,Spanish
merzario,Arturo,Merzario,1943-03-11,Italian
mieres,Roberto,Mieres,1924-12-03,Argentine
migault,François,Migault,1944-12-04,French
ken_miles,Ken,Miles,1918-11-01,British
miles,John,Miles,1943-06-14,British
milhoux,André,Milhoux,1928-12-09,Belgian
miller,Chet,Miller,1902-07-19,American
mitter,Gerhard,Mitter,1935-08-30,German
modena,Stefano,Modena,1963-05-12,Italian
monarch,Thomas,Monarch,1945-09-03,American
montagny,Franck,Montagny,1978-01-05,French
monteiro,Tiago,Monteiro,1976-07-24,Portuguese
montermini,Andrea,Montermini,1964-05-30,Italian
monteverdi,Peter,Monteverdi,1934-06-07,Swiss
charrington,Robin,Montgomerie-Charrington,1915-06-23,British
morbidelli,Gianni,Morbidelli,1968-01-13,Italian
moreno,Roberto,Moreno,1959-02-11,Brazilian
morgan,Dave,Morgan,1944-08-07,British
moser,Silvio,Moser,1941-04-24,Swiss
moss,Stirling,Moss,1929-09-17,British
bill_moss,Bill,Moss,1933-09-04,British
munaron,Gino,Munaron,1928-04-02,Italian
murray,David,Murray,1909-12-28,British
musso,Luigi,Musso,1924-07-28,Italian
satoru_nakajima,Satoru,Nakajima,1953-02-23,Japanese
nakajima,Kazuki,Nakajima,1985-01-11,Japanese
nakano,Shinji,Nakano,1971-04-01,Japanese
nalon,Duke,Nalon,1913-03-02,American
nannini,Alessandro,Nannini,1959-07-07,Italian
naspetti,Emanuele,Naspetti,1968-02-24,Italian
nasr,Felipe,Nasr,1992-08-21,Brazilian
natili,Massimo,Natili,1935-07-28,Italian
naylor,Brian,Naylor,1923-03-24,British
nazaruk,Mike,Nazaruk,1921-10-02,American
needell,Tiff,Needell,1951-10-29,British
nelleman,Jac,Nelleman,1944-04-19,Danish
nicholson,John,Nicholson,1941-10-06,New Zealander
niday,Cal,Niday,1914-04-29,American
niedermayr,Helmut,Niedermayr,1915-11-29,German
niemann,Brausch,Niemann,1939-01-07,South African
nilsson,Gunnar,Nilsson,1948-11-20,Swedish
noda,Hideki,Noda,1969-03-07,Japanese
norris,Lando,Norris,1999-11-13,British
nuckey,Rodney,Nuckey,1929-06-26,British
neve,Patrick,Nève,1949-10-13,Belgian
obrien,Robert,O'Brien,1908-04-11,American
connor,Pat,O'Connor,1928-10-09,American
patricio_o_ward,Patricio,O'Ward,,
ocon,Esteban,Ocon,1996-09-17,French
oliver,Jackie,Oliver,1942-08-14,British
ongais,Danny,Ongais,1942-05-21,American
owen,Arthur,Owen,1915-03-23,British
montoya,Juan,Pablo Montoya,1975-09-20,Colombian
pace,Carlos,Pace,1944-10-06,Brazilian
pagani,Nello,Pagani,1911-10-11,Italian
paletti,Riccardo,Paletti,1958-06-15,Italian
palm,Torsten,Palm,1947-07-23,Swedish
palmer,Jonathan,Palmer,1956-11-07,British
jolyon_palmer,Jolyon,Palmer,1991-01-20,British
panis,Olivier,Panis,1966-09-02,French
pantano,Giorgio,Pantano,1979-02-04,Italian
papis,Massimiliano,Papis,1969-10-03,Italian
parkes,Mike,Parkes,1931-09-24,British
reg_parnell,Reg,Parnell,1911-07-02,British
parnell,Tim,Parnell,1932-06-25,British
parsons,Johnnie,Parsons,1918-07-04,American
patrese,Riccardo,Patrese,1954-04-17,Italian
pease,Al,Pease,1921-10-15,Canadian
penske,Roger,Penske,1937-02-20,American
perdisa,Cesare,Perdisa,1932-10-21,Italian
perkins,Larry,Perkins,1950-03-18,Australian
pescarolo,Henri,Pescarolo,1942-09-25,French
pesenti_rossi,Alessandro,Pesenti-Rossi,1942-08-31,Italian
peters,Josef,Peters,1914-09-16,German
peterson,Ronnie,Peterson,1944-02-14,Swedish
petrov,Vitaly,Petrov,1984-09-08,Russian
piastri,Oscar,Piastri,2001-04-06,Australian
pic,Charles,Pic,1990-02-15,French
picard,François,Picard,1921-04-26,French
pieterse,Ernie,Pieterse,1938-07-04,South African
pietsch,Paul,Pietsch,1911-06-20,German
andre_pilette,André,Pilette,1918-10-06,Belgian
pilette,Teddy,Pilette,1942-07-26,Belgian
piotti,Luigi,Piotti,1913-10-27,Italian
piper,David,Piper,1930-12-02,British
piquet,Nelson,Piquet,1952-08-17,Brazilian
piquet_jr,Nelson,Piquet Jr.,1985-07-25,Brazilian
pirocchi,Renato,Pirocchi,1933-03-26,Italian
pironi,Didier,Pironi,1952-03-26,French
pirro,Emanuele,Pirro,1962-01-12,Italian
pizzonia,Antônio,Pizzonia,1980-09-11,Brazilian
pian,Alfredo,Pián,1912-10-21,Argentine
pollet,Jacques,Pollet,1922-07-02,French
pon,Ben,Pon,1936-12-09,Dutch
poore,Dennis,Poore,1916-08-19,British
posey,Sam,Posey,1944-05-26,American
pozzi,Charles,Pozzi,1909-08-27,French
pretorius,Jackie,Pretorius,1934-11-22,South African
prinoth,Ernesto,Prinoth,1923-04-15,Italian
prophet,David,Prophet,1937-10-09,British
prost,Alain,Prost,1955-02-24,French
pryce,Tom,Pryce,1949-06-11,British
purley,David,Purley,1945-01-26,British
puzey,Clive,Puzey,1941-07-11,Rhodesian
perez,Sergio,Pérez,1990-01-26,Mexican
sala,Luis,Pérez-Sala,1959-05-15,Spanish
quester,Dieter,Quester,1939-05-30,Austrian
raby,Ian,Raby,1921-09-22,British
rahal,Bobby,Rahal,1953-01-10,American
raphanel,Pierre-Henri,Raphanel,1961-05-27,French
rathmann,Jim,Rathmann,1928-07-16,American
dick_rathmann,Dick,Rathmann,1924-01-06,American
ratzenberger,Roland,Ratzenberger,1960-07-04,Austrian
rebaque,Hector,Rebaque,1956-02-05,Mexican
redman,Brian,Redman,1937-03-09,British
reece,Jimmy,Reece,1929-11-17,American
reed,Ray,Reed,1932-04-30,South African
rees,Alan,Rees,1938-01-12,British
regazzoni,Clay,Regazzoni,1939-09-05,Swiss
reutemann,Carlos,Reutemann,1942-04-12,Argentine
reventlow,Lance,Reventlow,1936-02-24,American
revson,Peter,Revson,1939-02-27,American
rhodes,John,Rhodes,1927-08-18,British
ribeiro,Alex,Ribeiro,1948-11-07,Brazilian
ricciardo,Daniel,Ricciardo,1989-07-01,Australian
richardson,Ken,Richardson,1911-08-21,British
riess,Fritz,Riess,1922-07-11,German
rigsby,Jim,Rigsby,1923-06-06,American
rindt,Jochen,Rindt,1942-04-18,Austrian
riseley_prichard,John,Riseley-Prichard,1924-01-17,British
robarts,Richard,Robarts,1944-09-22,British
ricardo_rodriguez,Ricardo,Rodríguez,1942-02-14,Mexican
rodriguez,Pedro,Rodríguez,1940-01-18,Mexican
rol,Franco,Rol,1908-06-05,Italian
rollinson,Alan,Rollinson,1943-05-15,British
rolt,Tony,Rolt,1918-10-16,British
roos,Bertil,Roos,1943-10-12,Swedish
keke_rosberg,Keke,Rosberg,1948-12-06,Finnish
rosberg,Nico,Rosberg,1985-06-27,German
rose,Mauri,Rose,1906-05-26,American
rosier,Louis,Rosier,1905-11-05,French
rosset,Ricardo,Rosset,1968-07-27,Brazilian
rossi,Alexander,Rossi,1991-09-25,American
rothengatter,Huub,Rothengatter,1954-10-08,Dutch
ruby,Lloyd,Ruby,1928-01-12,American
russell,George,Russell,1998-02-15,British
paul_russo,Paul,Russo,1914-04-10,American
russo,Eddie,Russo,1925-11-19,American
geki,Giacomo,Russo,1937-10-23,Italian
ruttman,Troy,Ruttman,1930-03-11,American
ryan,Peter,Ryan,1940-06-10,Canadian
raikkonen,Kimi,Räikkönen,1979-10-17,Finnish
sachs,Eddie,Sachs,1927-05-28,American
said,Bob,Said,1932-05-05,American
sainz,Carlos,Sainz,1994-09-01,Spanish
salazar,Eliseo,Salazar,1954-11-14,Chilean
salo,Mika,Salo,1966-11-30,Finnish
salvadori,Roy,Salvadori,1922-05-12,British
sanesi,Consalvo,Sanesi,1911-03-28,Italian
sargeant,Logan,Sargeant,2000-12-31,American
sarrazin,Stéphane,Sarrazin,1975-11-02,French
sato,Takuma,Sato,1977-01-28,Japanese
scarborough,Carl,Scarborough,1914-07-03,American
scarfiotti,Ludovico,Scarfiotti,1933-10-18,Italian
scarlatti,Giorgio,Scarlatti,1921-10-02,Italian
scheckter,Jody,Scheckter,1950-01-29,South African
ian_scheckter,Ian,Scheckter,1947-08-22,South African
schell,Harry,Schell,1921-06-29,American
schenken,Tim,Schenken,1943-09-26,Australian
scherrer,Albert,Scherrer,1908-02-28,Swiss
schiattarella,Domenico,Schiattarella,1967-11-17,Italian
schiller,Heinz,Schiller,1930-01-25,Swiss
schindler,Bill,Schindler,1909-03-06,American
jo_schlesser,Jo,Schlesser,1928-05-18,French
schlesser,Jean-Louis,Schlesser,1948-09-12,French
schneider,Bernd,Schneider,1964-07-20,German
schoeller,Rudolf,Schoeller,1902-04-27,Swiss
schroeder,Rob,Schroeder,1926-05-11,British
michael_schumacher,Michael,Schumacher,1969-01-03,German
ralf_schumacher,Ralf,Schumacher,1975-06-30,German
mick_schumacher,Mick,Schumacher,1999-03-22,German
schuppan,Vern,Schuppan,1943-03-19,Australian
bob_scott,Bob,Scott,1928-10-04,American
scott_Brown,Archie,Scott Brown,1927-05-13,British
scotti,Piero,Scotti,1909-11-11,Italian
seidel,Wolfgang,Seidel,1926-07-04,German
seiffert,Günther,Seiffert,1937-10-18,German
senna,Ayrton,Senna,1960-03-21,Brazilian
bruno_senna,Bruno,Senna,1983-10-15,Brazilian
serafini,Dorino,Serafini,1909-07-22,Italian
serra,Chico,Serra,1957-02-03,Brazilian
serrurier,Doug,Serrurier,1920-12-09,South African
gavin,Johnny,Servoz-Gavin,1942-01-18,French
settember,Tony,Settember,1926-07-10,American
sharp,Hap,Sharp,1928-01-01,American
shawe_taylor,Brian,Shawe Taylor,1915-01-28,British
shelby,Carroll,Shelby,1923-01-11,American
shelly,Tony,Shelly,1937-02-02,New Zealander
cian_shields,Cian,Shields,,
siffert,Jo,Siffert,1936-07-07,Swiss
simon,André,Simon,1920-01-05,French
sirotkin,Sergey,Sirotkin,1995-08-27,Russian
slotemaker,Rob,Slotemaker,1929-06-13,Dutch
solana,Moisés,Solana,1935-12-26,Mexican
roig,Alex,Soler-Roig,1932-10-29,Spanish
sommer,Raymond,Sommer,1906-08-31,French
sospiri,Vincenzo,Sospiri,1966-10-07,Italian
south,Stephen,South,1952-02-19,British
sparken,Mike,Sparken,1930-06-16,French
speed,Scott,Speed,1983-01-24,American
spence,Mike,Spence,1936-12-30,British
stacey,Alan,Stacey,1933-08-29,British
starrabba,Gaetano,Starrabba,1932-12-03,Italian
stevens,Will,Stevens,1991-06-28,British
stevenson,Chuck,Stevenson,1919-10-15,American
jimmy_stewart,Jimmy,Stewart,1931-03-06,British
ian_stewart,Ian,Stewart,1929-07-15,British
stewart,Jackie,Stewart,1939-06-11,British
stohr,Siegfried,Stohr,1952-10-10,Italian
stommelen,Rolf,Stommelen,1943-07-11,German
streiff,Philippe,Streiff,1955-06-26,French
stroll,Lance,Stroll,1998-10-29,Canadian
stuck,Hans-Joachim,Stuck,1951-01-01,German
stuppacher,Otto,Stuppacher,1947-03-03,Austrian
sullivan,Danny,Sullivan,1950-03-09,American
surer,Marc,Surer,1951-09-18,Swiss
surtees,John,Surtees,1934-02-11,British
sutcliffe,Andy,Sutcliffe,1947-05-09,British
sutil,Adrian,Sutil,1983-01-11,German
sutton,Len,Sutton,1925-08-09,American
suzuki,Aguri,Suzuki,1960-09-08,Japanese
toshio_suzuki,Toshio,Suzuki,1955-03-10,Japanese
swaters,Jacques,Swaters,1926-10-30,American
sweikert,Bob,Sweikert,1926-05-20,American
takagi,Toranosuke,Takagi,1974-02-12,Japanese
takahara,Noritake,Takahara,1951-06-06,Japanese
takahashi,Kunimitsu,Takahashi,1940-01-29,Japanese
tambay,Patrick,Tambay,1949-06-25,French
taramazzo,Luigi,Taramazzo,1932-05-05,Italian
tarquini,Gabriele,Tarquini,1962-03-02,Italian
taruffi,Piero,Taruffi,1906-10-12,Italian
henry_taylor,Henry,Taylor,1932-12-16,British
mike_taylor,Mike,Taylor,1934-04-24,British
dennis_taylor,Dennis,Taylor,1921-06-12,British
trevor_taylor,Trevor,Taylor,1936-12-26,British
taylor,John,Taylor,1933-03-23,British
teague,Marshall,Teague,1921-02-22,American
templeman,Shorty,Templeman,1919-08-12,American
testut,André,Testut,1926-04-13,Monegasque
thackwell,Mike,Thackwell,1961-03-30,New Zealander
thiele,Alfonso,Thiele,1920-04-05,Italian
thompson,Eric,Thompson,1919-11-04,British
thomson,Johnny,Thomson,1922-04-09,American
thorne,Leslie,Thorne,1916-06-23,British
tingelstad,Bud,Tingelstad,1928-04-04,American
tingle,Sam,Tingle,1921-08-24,Rhodesian
titterington,Desmond,Titterington,1928-05-01,British
tolan,Johnnie,Tolan,1917-10-22,American
trimmer,Tony,Trimmer,1943-01-24,British
trintignant,Maurice,Trintignant,1917-10-30,French
trulli,Jarno,Trulli,1974-07-13,Italian
tsunoda,Yuki,Tsunoda,2000-05-11,Japanese
tuero,Esteban,Tuero,1978-04-22,Argentine
tunmer,Guy,Tunmer,1948-12-01,South African
turner,Jack,Turner,1920-02-12,American
ulmen,Toni,Ulmen,1906-01-25,German
jerry_unser,Jerry,Unser,1932-11-15,American
unser,Bobby,Unser,1934-02-20,American
uria,Alberto,Uria,1924-07-11,Uruguayan
vaccarella,Nino,Vaccarella,1933-03-04,Italian
vandoorne,Stoffel,Vandoorne,1992-03-26,Belgian
veith,Bob,Veith,1926-11-01,American
vergne,Jean-Éric,Vergne,1990-04-25,French
verstappen,Jos,Verstappen,1972-03-04,Dutch
max_verstappen,Max,Verstappen,1997-09-30,Dutch
frederik_vesti,Frederik,Vesti,,
vettel,Sebastian,Vettel,1987-07-03,German
gilles_villeneuve,Gilles,Villeneuve,1950-01-18,Canadian
villeneuve,Jacques,Villeneuve,1971-04-09,Canadian
villeneuve_sr,Jacques,Villeneuve Sr.,1953-11-04,Canadian
villoresi,Luigi,Villoresi,1909-05-16,Italian
volonterio,Ottorino,Volonterio,1917-12-07,Swiss
vonlanthen,Jo,Vonlanthen,1942-05-31,Swiss
vukovich,Bill,Vukovich,1918-12-13,American
wacker,Fred,Wacker,1918-07-10,American
peter_walker,Peter,Walker,1912-10-07,British
walker,David,Walker,1941-06-10,Australian
wallard,Lee,Wallard,1910-09-07,American
walter,Heini,Walter,1927-07-28,Swiss
ward,Rodger,Ward,1921-01-10,American
warwick,Derek,Warwick,1954-08-27,British
watson,John,Watson,1946-05-04,British
webb,Travis,Webb,1910-10-08,American
webber,Mark,Webber,1976-08-27,Australian
wehrlein,Pascal,Wehrlein,1994-10-18,German
weidler,Volker,Weidler,1962-03-18,German
weiler,Wayne,Weiler,1934-12-09,American
wendlinger,Karl,Wendlinger,1968-12-20,Austrian
westbury,Peter,Westbury,1938-05-26,British
weyant,Chuck,Weyant,1923-04-03,American
wharton,Ken,Wharton,1916-03-21,British
whiteaway,Ted,Whiteaway,1928-11-01,British
whitehead,Peter,Whitehead,1914-11-12,British
graham_whitehead,Graham,Whitehead,1922-04-15,British
whitehouse,Bill,Whitehouse,1909-04-01,British
widdows,Robin,Widdows,1942-05-27,British
wietzes,Eppie,Wietzes,1938-05-28,Canadian
wilds,Mike,Wilds,1946-01-07,British
williams,Jonathan,Williams,1942-10-26,British
williamson,Roger,Williamson,1948-02-02,British
dempsey_wilson,Dempsey,Wilson,1927-03-11,American
vic_wilson,Vic,Wilson,1931-04-14,British
desire_wilson,Desiré,Wilson,1953-11-26,South African
wilson,Justin,Wilson,1978-07-31,British
manfred_winkelhock,Manfred,Winkelhock,1951-10-06,German
joachim_winkelhock,Joachim,Winkelhock,1960-10-24,German
markus_winkelhock,Markus,Winkelhock,1980-06-13,German
wisell,Reine,Wisell,1941-09-30,Swedish
wunderink,Roelof,Wunderink,1948-12-12,Dutch
wurz,Alexander,Wurz,1974-02-15,Austrian
yamamoto,Sakon,Yamamoto,1982-07-09,Japanese
yoong,Alex,Yoong,1976-07-20,Malaysian
zanardi,Alessandro,Zanardi,1966-10-23,Italian
zapico,Emilio,Zapico,1944-05-27,Spanish
zhou,Guanyu,Zhou,1999-05-30,Chinese
zonta,Ricardo,Zonta,1976-03-23,Brazilian
zorzi,Renzo,Zorzi,1946-12-12,Italian
zunino,Ricardo,Zunino,1949-04-13,Argentine
ambrosio,Jérôme,d'Ambrosio,1985-12-27,Belgian
orey,Fritz,d'Orey,1938-03-25,Brazilian
matta,Cristiano,da Matta,1973-09-19,Brazilian
ramos,Hernando,da Silva Ramos,1925-12-07,Brazilian
adamich,Andrea,de Adamich,1941-10-03,Italian
angelis,Elio,de Angelis,1958-03-26,Italian
beaufort,Carel Godin,de Beaufort,1934-04-10,Dutch
cesaris,Andrea,de Cesaris,1959-05-31,Italian
Changy,Alain,de Changy,1922-02-05,Belgian
dryver,Bernard,de Dryver,1952-09-19,Belgian
filippis,Maria,de Filippis,1926-11-11,Italian
graffenried,Toulo,de Graffenried,1914-05-18,Swiss
klerk,Peter,de Klerk,1935-03-16,South African
portago,Alfonso,de Portago,1928-10-11,Spanish
riu,Giovanni,de Riu,1925-03-10,Italian
terra,Max,de Terra,1918-10-06,Swiss
tomaso,Alessandro,de Tomaso,1928-07-10,Argentine
tornaco,Charles,de Tornaco,1927-06-07,Belgian
villota,Emilio,de Villota,1946-07-26,Spanish
vos,Ernie,de Vos,1941-07-01,Dutch
de_vries,Nyck,de Vries,1995-02-06,Dutch
rosa,Pedro,de la Rosa,1971-02-24,Spanish
grassi,Lucas,di Grassi,1984-08-11,Brazilian
resta,Paul,di Resta,1986-04-16,British
lennep,Gijs,van Lennep,1942-03-16,Dutch
rooyen,Basil,van Rooyen,1939-04-19,South African
poele,Eric,van de Poele,1961-09-30,Belgian
garde,Giedo,van der Garde,1985-04-25,Dutch
lof,Dries,van der Lof,1919-08-23,Dutch
vyver,Syd,van der Vyver,1920-06-01,South African
opel,Rikky,von Opel,1947-10-14,Liechtensteiner
hans_stuck,Hans,von Stuck,1900-12-27,German
trips,Wolfgang,von Trips,1928-05-04,German
etancelin,Philippe,Étancelin,1896-12-28,French
