season,meeting_key,race_session_key,qualifying_session_key,circuit_short_name,date_start,driver_number,grid_position,qualifying_lap_duration
2025,1254,9693,9689,Melbourne,2025-03-16T04:00:00+00:00,4,1,75.096
2025,1254,9693,9689,Melbourne,2025-03-16T04:00:00+00:00,81,2,75.18
2025,1254,9693,9689,Melbourne,2025-03-16T04:00:00+00:00,1,3,75.481
2025,1254,9693,9689,Melbourne,2025-03-16T04:00:00+00:00,63,4,75.546
2025,1254,9693,9689,Melbourne,2025-03-16T04:00:00+00:00,22,5,75.67
2025,1254,9693,9689,Melbourne,2025-03-16T04:00:00+00:00,23,6,75.737
2025,1254,9693,9689,Melbourne,2025-03-16T04:00:00+00:00,16,7,75.755
2025,1254,9693,9689,Melbourne,2025-03-16T04:00:00+00:00,44,8,75.973
2025,1254,9693,9689,Melbourne,2025-03-16T04:00:00+00:00,10,9,75.98
2025,1254,9693,9689,Melbourne,2025-03-16T04:00:00+00:00,55,10,76.062
2025,1254,9693,9689,Melbourne,2025-03-16T04:00:00+00:00,6,11,76.175
2025,1254,9693,9689,Melbourne,2025-03-16T04:00:00+00:00,14,12,76.453
2025,1254,9693,9689,Melbourne,2025-03-16T04:00:00+00:00,18,13,76.483
2025,1254,9693,9689,Melbourne,2025-03-16T04:00:00+00:00,7,14,76.863
2025,1254,9693,9689,Melbourne,2025-03-16T04:00:00+00:00,5,15,77.52
2025,1254,9693,9689,Melbourne,2025-03-16T04:00:00+00:00,12,16,76.525
2025,1254,9693,9689,Melbourne,2025-03-16T04:00:00+00:00,27,17,76.579
2025,1254,9693,9689,Melbourne,2025-03-16T04:00:00+00:00,30,18,77.094
2025,1254,9693,9689,Melbourne,2025-03-16T04:00:00+00:00,31,19,77.147
2025,1254,9693,9689,Melbourne,2025-03-16T04:00:00+00:00,87,20,
2025,1255,9998,9994,Shanghai,2025-03-23T07:00:00+00:00,81,1,90.641
2025,1255,9998,9994,Shanghai,2025-03-23T07:00:00+00:00,63,2,90.723
2025,1255,9998,9994,Shanghai,2025-03-23T07:00:00+00:00,4,3,90.793
2025,1255,9998,9994,Shanghai,2025-03-23T07:00:00+00:00,1,4,90.817
2025,1255,9998,9994,Shanghai,2025-03-23T07:00:00+00:00,44,5,90.927
2025,1255,9998,9994,Shanghai,2025-03-23T07:00:00+00:00,16,6,91.021
2025,1255,9998,9994,Shanghai,2025-03-23T07:00:00+00:00,6,7,91.079
2025,1255,9998,9994,Shanghai,2025-03-23T07:00:00+00:00,12,8,91.103
2025,1255,9998,9994,Shanghai,2025-03-23T07:00:00+00:00,22,9,91.638
2025,1255,9998,9994,Shanghai,2025-03-23T07:00:00+00:00,23,10,91.706
2025,1255,9998,9994,Shanghai,2025-03-23T07:00:00+00:00,31,11,91.625
2025,1255,9998,9994,Shanghai,2025-03-23T07:00:00+00:00,27,12,91.632
2025,1255,9998,9994,Shanghai,2025-03-23T07:00:00+00:00,14,13,91.688
2025,1255,9998,9994,Shanghai,2025-03-23T07:00:00+00:00,18,14,91.773
2025,1255,9998,9994,Shanghai,2025-03-23T07:00:00+00:00,55,15,91.84
2025,1255,9998,9994,Shanghai,2025-03-23T07:00:00+00:00,10,16,91.992
2025,1255,9998,9994,Shanghai,2025-03-23T07:00:00+00:00,87,17,92.018
2025,1255,9998,9994,Shanghai,2025-03-23T07:00:00+00:00,7,18,92.092
2025,1255,9998,9994,Shanghai,2025-03-23T07:00:00+00:00,5,19,92.141
2025,1255,9998,9994,Shanghai,2025-03-23T07:00:00+00:00,30,20,92.174
2025,1256,10006,10002,Suzuka,2025-04-06T05:00:00+00:00,1,1,86.983
2025,1256,10006,10002,Suzuka,2025-04-06T05:00:00+00:00,4,2,86.995
2025,1256,10006,10002,Suzuka,2025-04-06T05:00:00+00:00,81,3,87.027
2025,1256,10006,10002,Suzuka,2025-04-06T05:00:00+00:00,16,4,87.299
2025,1256,10006,10002,Suzuka,2025-04-06T05:00:00+00:00,63,5,87.318
2025,1256,10006,10002,Suzuka,2025-04-06T05:00:00+00:00,12,6,87.555
2025,1256,10006,10002,Suzuka,2025-04-06T05:00:00+00:00,6,7,87.569
2025,1256,10006,10002,Suzuka,2025-04-06T05:00:00+00:00,44,8,87.61
2025,1256,10006,10002,Suzuka,2025-04-06T05:00:00+00:00,23,9,87.615
2025,1256,10006,10002,Suzuka,2025-04-06T05:00:00+00:00,87,10,87.867
2025,1256,10006,10002,Suzuka,2025-04-06T05:00:00+00:00,10,11,87.822
2025,1256,10006,10002,Suzuka,2025-04-06T05:00:00+00:00,14,12,87.897
2025,1256,10006,10002,Suzuka,2025-04-06T05:00:00+00:00,30,13,87.906
2025,1256,10006,10002,Suzuka,2025-04-06T05:00:00+00:00,22,14,88.0
2025,1256,10006,10002,Suzuka,2025-04-06T05:00:00+00:00,55,15,87.836
2025,1256,10006,10002,Suzuka,2025-04-06T05:00:00+00:00,27,16,88.57
2025,1256,10006,10002,Suzuka,2025-04-06T05:00:00+00:00,5,17,88.622
2025,1256,10006,10002,Suzuka,2025-04-06T05:00:00+00:00,31,18,88.696
2025,1256,10006,10002,Suzuka,2025-04-06T05:00:00+00:00,7,19,88.877
2025,1256,10006,10002,Suzuka,2025-04-06T05:00:00+00:00,18,20,89.271
2025,1257,10014,10010,Sakhir,2025-04-13T15:00:00+00:00,81,1,89.841
2025,1257,10014,10010,Sakhir,2025-04-13T15:00:00+00:00,16,2,90.175
2025,1257,10014,10010,Sakhir,2025-04-13T15:00:00+00:00,63,3,90.009
2025,1257,10014,10010,Sakhir,2025-04-13T15:00:00+00:00,10,4,90.216
2025,1257,10014,10010,Sakhir,2025-04-13T15:00:00+00:00,12,5,90.213
2025,1257,10014,10010,Sakhir,2025-04-13T15:00:00+00:00,4,6,90.267
2025,1257,10014,10010,Sakhir,2025-04-13T15:00:00+00:00,1,7,90.423
2025,1257,10014,10010,Sakhir,2025-04-13T15:00:00+00:00,55,8,90.68
2025,1257,10014,10010,Sakhir,2025-04-13T15:00:00+00:00,44,9,90.772
2025,1257,10014,10010,Sakhir,2025-04-13T15:00:00+00:00,22,10,91.303
2025,1257,10014,10010,Sakhir,2025-04-13T15:00:00+00:00,7,11,91.245
2025,1257,10014,10010,Sakhir,2025-04-13T15:00:00+00:00,6,12,91.271
2025,1257,10014,10010,Sakhir,2025-04-13T15:00:00+00:00,14,13,91.886
2025,1257,10014,10010,Sakhir,2025-04-13T15:00:00+00:00,31,14,
2025,1257,10014,10010,Sakhir,2025-04-13T15:00:00+00:00,23,15,
2025,1257,10014,10010,Sakhir,2025-04-13T15:00:00+00:00,27,16,92.067
2025,1257,10014,10010,Sakhir,2025-04-13T15:00:00+00:00,30,17,92.165
2025,1257,10014,10010,Sakhir,2025-04-13T15:00:00+00:00,5,18,92.186
2025,1257,10014,10010,Sakhir,2025-04-13T15:00:00+00:00,18,19,92.283
2025,1257,10014,10010,Sakhir,2025-04-13T15:00:00+00:00,87,20,92.373
2025,1258,10022,10018,Jeddah,2025-04-20T17:00:00+00:00,1,1,87.294
2025,1258,10022,10018,Jeddah,2025-04-20T17:00:00+00:00,81,2,87.304
2025,1258,10022,10018,Jeddah,2025-04-20T17:00:00+00:00,63,3,87.407
2025,1258,10022,10018,Jeddah,2025-04-20T17:00:00+00:00,16,4,87.67
2025,1258,10022,10018,Jeddah,2025-04-20T17:00:00+00:00,12,5,87.866
2025,1258,10022,10018,Jeddah,2025-04-20T17:00:00+00:00,55,6,88.164
2025,1258,10022,10018,Jeddah,2025-04-20T17:00:00+00:00,44,7,88.201
2025,1258,10022,10018,Jeddah,2025-04-20T17:00:00+00:00,22,8,88.204
2025,1258,10022,10018,Jeddah,2025-04-20T17:00:00+00:00,10,9,88.367
2025,1258,10022,10018,Jeddah,2025-04-20T17:00:00+00:00,4,10,
2025,1258,10022,10018,Jeddah,2025-04-20T17:00:00+00:00,23,11,88.109
2025,1258,10022,10018,Jeddah,2025-04-20T17:00:00+00:00,30,12,88.191
2025,1258,10022,10018,Jeddah,2025-04-20T17:00:00+00:00,14,13,88.303
2025,1258,10022,10018,Jeddah,2025-04-20T17:00:00+00:00,6,14,88.418
2025,1258,10022,10018,Jeddah,2025-04-20T17:00:00+00:00,87,15,88.648
2025,1258,10022,10018,Jeddah,2025-04-20T17:00:00+00:00,18,16,88.645
2025,1258,10022,10018,Jeddah,2025-04-20T17:00:00+00:00,7,17,88.739
2025,1258,10022,10018,Jeddah,2025-04-20T17:00:00+00:00,27,18,88.782
2025,1258,10022,10018,Jeddah,2025-04-20T17:00:00+00:00,31,19,89.092
2025,1258,10022,10018,Jeddah,2025-04-20T17:00:00+00:00,5,20,89.462
2025,1259,10033,10029,Miami,2025-05-04T20:00:00+00:00,1,1,86.204
2025,1259,10033,10029,Miami,2025-05-04T20:00:00+00:00,4,2,86.269
2025,1259,10033,10029,Miami,2025-05-04T20:00:00+00:00,12,3,86.271
2025,1259,10033,10029,Miami,2025-05-04T20:00:00+00:00,81,4,86.375
2025,1259,10033,10029,Miami,2025-05-04T20:00:00+00:00,63,5,86.385
2025,1259,10033,10029,Miami,2025-05-04T20:00:00+00:00,55,6,86.569
2025,1259,10033,10029,Miami,2025-05-04T20:00:00+00:00,23,7,86.682
2025,1259,10033,10029,Miami,2025-05-04T20:00:00+00:00,16,8,86.754
2025,1259,10033,10029,Miami,2025-05-04T20:00:00+00:00,31,9,86.824
2025,1259,10033,10029,Miami,2025-05-04T20:00:00+00:00,22,10,86.943
2025,1259,10033,10029,Miami,2025-05-04T20:00:00+00:00,6,11,86.987
2025,1259,10033,10029,Miami,2025-05-04T20:00:00+00:00,44,12,87.006
2025,1259,10033,10029,Miami,2025-05-04T20:00:00+00:00,5,13,87.151
2025,1259,10033,10029,Miami,2025-05-04T20:00:00+00:00,7,14,87.186
2025,1259,10033,10029,Miami,2025-05-04T20:00:00+00:00,30,15,87.363
2025,1259,10033,10029,Miami,2025-05-04T20:00:00+00:00,27,16,87.473
2025,1259,10033,10029,Miami,2025-05-04T20:00:00+00:00,14,17,87.604
2025,1259,10033,10029,Miami,2025-05-04T20:00:00+00:00,18,18,87.83
2025,1259,10033,10029,Miami,2025-05-04T20:00:00+00:00,87,19,87.999
2025,1259,10033,10029,Miami,2025-05-04T20:00:00+00:00,10,20,87.71
2025,1260,9987,9983,Imola,2025-05-18T13:00:00+00:00,81,1,74.67
2025,1260,9987,9983,Imola,2025-05-18T13:00:00+00:00,1,2,74.704
2025,1260,9987,9983,Imola,2025-05-18T13:00:00+00:00,63,3,74.807
2025,1260,9987,9983,Imola,2025-05-18T13:00:00+00:00,4,4,74.962
2025,1260,9987,9983,Imola,2025-05-18T13:00:00+00:00,14,5,75.431
2025,1260,9987,9983,Imola,2025-05-18T13:00:00+00:00,55,6,75.432
2025,1260,9987,9983,Imola,2025-05-18T13:00:00+00:00,23,7,75.473
2025,1260,9987,9983,Imola,2025-05-18T13:00:00+00:00,18,8,75.581
2025,1260,9987,9983,Imola,2025-05-18T13:00:00+00:00,6,9,75.746
2025,1260,9987,9983,Imola,2025-05-18T13:00:00+00:00,10,10,75.787
2025,1260,9987,9983,Imola,2025-05-18T13:00:00+00:00,16,11,75.604
2025,1260,9987,9983,Imola,2025-05-18T13:00:00+00:00,44,12,75.765
2025,1260,9987,9983,Imola,2025-05-18T13:00:00+00:00,12,13,75.772
2025,1260,9987,9983,Imola,2025-05-18T13:00:00+00:00,5,14,76.26
2025,1260,9987,9983,Imola,2025-05-18T13:00:00+00:00,30,15,76.379
2025,1260,9987,9983,Imola,2025-05-18T13:00:00+00:00,43,16,
2025,1260,9987,9983,Imola,2025-05-18T13:00:00+00:00,27,17,76.518
2025,1260,9987,9983,Imola,2025-05-18T13:00:00+00:00,31,18,76.613
2025,1260,9987,9983,Imola,2025-05-18T13:00:00+00:00,87,19,76.918
2025,1260,9987,9983,Imola,2025-05-18T13:00:00+00:00,22,20,
2025,1261,9979,9975,Monte Carlo,2025-05-25T13:00:00+00:00,4,1,69.954
2025,1261,9979,9975,Monte Carlo,2025-05-25T13:00:00+00:00,16,2,70.063
2025,1261,9979,9975,Monte Carlo,2025-05-25T13:00:00+00:00,81,3,70.129
2025,1261,9979,9975,Monte Carlo,2025-05-25T13:00:00+00:00,1,4,70.669
2025,1261,9979,9975,Monte Carlo,2025-05-25T13:00:00+00:00,6,5,70.923
2025,1261,9979,9975,Monte Carlo,2025-05-25T13:00:00+00:00,14,6,70.924
2025,1261,9979,9975,Monte Carlo,2025-05-25T13:00:00+00:00,44,7,70.382
2025,1261,9979,9975,Monte Carlo,2025-05-25T13:00:00+00:00,31,8,70.942
2025,1261,9979,9975,Monte Carlo,2025-05-25T13:00:00+00:00,30,9,71.129
2025,1261,9979,9975,Monte Carlo,2025-05-25T13:00:00+00:00,23,10,71.213
2025,1261,9979,9975,Monte Carlo,2025-05-25T13:00:00+00:00,55,11,71.362
2025,1261,9979,9975,Monte Carlo,2025-05-25T13:00:00+00:00,22,12,71.415
2025,1261,9979,9975,Monte Carlo,2025-05-25T13:00:00+00:00,27,13,71.596
2025,1261,9979,9975,Monte Carlo,2025-05-25T13:00:00+00:00,63,14,
2025,1261,9979,9975,Monte Carlo,2025-05-25T13:00:00+00:00,12,15,
2025,1261,9979,9975,Monte Carlo,2025-05-25T13:00:00+00:00,5,16,71.902
2025,1261,9979,9975,Monte Carlo,2025-05-25T13:00:00+00:00,10,17,71.994
2025,1261,9979,9975,Monte Carlo,2025-05-25T13:00:00+00:00,43,18,72.597
2025,1261,9979,9975,Monte Carlo,2025-05-25T13:00:00+00:00,18,19,72.563
2025,1261,9979,9975,Monte Carlo,2025-05-25T13:00:00+00:00,87,20,71.979
2025,1262,9971,9967,Catalunya,2025-06-01T13:00:00+00:00,81,1,71.546
2025,1262,9971,9967,Catalunya,2025-06-01T13:00:00+00:00,4,2,71.755
2025,1262,9971,9967,Catalunya,2025-06-01T13:00:00+00:00,1,3,71.848
2025,1262,9971,9967,Catalunya,2025-06-01T13:00:00+00:00,63,4,71.848
2025,1262,9971,9967,Catalunya,2025-06-01T13:00:00+00:00,44,5,72.045
2025,1262,9971,9967,Catalunya,2025-06-01T13:00:00+00:00,12,6,72.111
2025,1262,9971,9967,Catalunya,2025-06-01T13:00:00+00:00,16,7,72.131
2025,1262,9971,9967,Catalunya,2025-06-01T13:00:00+00:00,10,8,72.199
2025,1262,9971,9967,Catalunya,2025-06-01T13:00:00+00:00,6,9,72.252
2025,1262,9971,9967,Catalunya,2025-06-01T13:00:00+00:00,14,10,72.284
2025,1262,9971,9967,Catalunya,2025-06-01T13:00:00+00:00,23,11,72.641
2025,1262,9971,9967,Catalunya,2025-06-01T13:00:00+00:00,5,12,72.756
2025,1262,9971,9967,Catalunya,2025-06-01T13:00:00+00:00,30,13,72.763
2025,1262,9971,9967,Catalunya,2025-06-01T13:00:00+00:00,18,14,73.058
2025,1262,9971,9967,Catalunya,2025-06-01T13:00:00+00:00,87,15,73.315
2025,1262,9971,9967,Catalunya,2025-06-01T13:00:00+00:00,27,16,73.19
2025,1262,9971,9967,Catalunya,2025-06-01T13:00:00+00:00,31,17,73.201
2025,1262,9971,9967,Catalunya,2025-06-01T13:00:00+00:00,55,18,73.203
2025,1262,9971,9967,Catalunya,2025-06-01T13:00:00+00:00,43,19,73.334
2025,1262,9971,9967,Catalunya,2025-06-01T13:00:00+00:00,22,20,73.385
2025,1263,9963,9959,Montreal,2025-06-15T18:00:00+00:00,63,1,70.899
2025,1263,9963,9959,Montreal,2025-06-15T18:00:00+00:00,1,2,71.059
2025,1263,9963,9959,Montreal,2025-06-15T18:00:00+00:00,81,3,71.12
2025,1263,9963,9959,Montreal,2025-06-15T18:00:00+00:00,12,4,71.391
2025,1263,9963,9959,Montreal,2025-06-15T18:00:00+00:00,44,5,71.526
2025,1263,9963,9959,Montreal,2025-06-15T18:00:00+00:00,14,6,71.586
2025,1263,9963,9959,Montreal,2025-06-15T18:00:00+00:00,4,7,71.625
2025,1263,9963,9959,Montreal,2025-06-15T18:00:00+00:00,16,8,71.682
2025,1263,9963,9959,Montreal,2025-06-15T18:00:00+00:00,23,9,71.907
2025,1263,9963,9959,Montreal,2025-06-15T18:00:00+00:00,43,10,72.142
2025,1263,9963,9959,Montreal,2025-06-15T18:00:00+00:00,27,11,72.183
2025,1263,9963,9959,Montreal,2025-06-15T18:00:00+00:00,6,12,71.867
2025,1263,9963,9959,Montreal,2025-06-15T18:00:00+00:00,87,13,72.34
2025,1263,9963,9959,Montreal,2025-06-15T18:00:00+00:00,31,14,72.634
2025,1263,9963,9959,Montreal,2025-06-15T18:00:00+00:00,5,15,72.385
2025,1263,9963,9959,Montreal,2025-06-15T18:00:00+00:00,55,16,72.398
2025,1263,9963,9959,Montreal,2025-06-15T18:00:00+00:00,18,17,72.517
2025,1263,9963,9959,Montreal,2025-06-15T18:00:00+00:00,22,18,72.102
2025,1263,9963,9959,Montreal,2025-06-15T18:00:00+00:00,30,19,72.525
2025,1263,9963,9959,Montreal,2025-06-15T18:00:00+00:00,10,20,72.667
2025,1264,9955,9951,Spielberg,2025-06-29T13:00:00+00:00,4,1,63.971
2025,1264,9955,9951,Spielberg,2025-06-29T13:00:00+00:00,16,2,64.492
2025,1264,9955,9951,Spielberg,2025-06-29T13:00:00+00:00,81,3,64.554
2025,1264,9955,9951,Spielberg,2025-06-29T13:00:00+00:00,44,4,64.582
2025,1264,9955,9951,Spielberg,2025-06-29T13:00:00+00:00,63,5,64.763
2025,1264,9955,9951,Spielberg,2025-06-29T13:00:00+00:00,30,6,64.926
2025,1264,9955,9951,Spielberg,2025-06-29T13:00:00+00:00,1,7,64.929
2025,1264,9955,9951,Spielberg,2025-06-29T13:00:00+00:00,5,8,65.132
2025,1264,9955,9951,Spielberg,2025-06-29T13:00:00+00:00,12,9,65.276
2025,1264,9955,9951,Spielberg,2025-06-29T13:00:00+00:00,10,10,65.649
2025,1264,9955,9951,Spielberg,2025-06-29T13:00:00+00:00,14,11,65.128
2025,1264,9955,9951,Spielberg,2025-06-29T13:00:00+00:00,23,12,65.205
2025,1264,9955,9951,Spielberg,2025-06-29T13:00:00+00:00,6,13,65.226
2025,1264,9955,9951,Spielberg,2025-06-29T13:00:00+00:00,43,14,65.288
2025,1264,9955,9951,Spielberg,2025-06-29T13:00:00+00:00,87,15,65.312
2025,1264,9955,9951,Spielberg,2025-06-29T13:00:00+00:00,18,16,65.329
2025,1264,9955,9951,Spielberg,2025-06-29T13:00:00+00:00,31,17,65.364
2025,1264,9955,9951,Spielberg,2025-06-29T13:00:00+00:00,22,18,65.369
2025,1264,9955,9951,Spielberg,2025-06-29T13:00:00+00:00,55,19,65.582
2025,1264,9955,9951,Spielberg,2025-06-29T13:00:00+00:00,27,20,65.606
2025,1277,9947,9943,Silverstone,2025-07-06T14:00:00+00:00,1,1,84.892
2025,1277,9947,9943,Silverstone,2025-07-06T14:00:00+00:00,81,2,84.995
2025,1277,9947,9943,Silverstone,2025-07-06T14:00:00+00:00,4,3,85.01
2025,1277,9947,9943,Silverstone,2025-07-06T14:00:00+00:00,63,4,85.029
2025,1277,9947,9943,Silverstone,2025-07-06T14:00:00+00:00,44,5,85.095
2025,1277,9947,9943,Silverstone,2025-07-06T14:00:00+00:00,16,6,85.121
2025,1277,9947,9943,Silverstone,2025-07-06T14:00:00+00:00,14,7,85.621
2025,1277,9947,9943,Silverstone,2025-07-06T14:00:00+00:00,10,8,85.785
2025,1277,9947,9943,Silverstone,2025-07-06T14:00:00+00:00,55,9,85.746
2025,1277,9947,9943,Silverstone,2025-07-06T14:00:00+00:00,12,10,85.374
2025,1277,9947,9943,Silverstone,2025-07-06T14:00:00+00:00,22,11,85.826
2025,1277,9947,9943,Silverstone,2025-07-06T14:00:00+00:00,6,12,85.864
2025,1277,9947,9943,Silverstone,2025-07-06T14:00:00+00:00,23,13,85.889
2025,1277,9947,9943,Silverstone,2025-07-06T14:00:00+00:00,31,14,85.95
2025,1277,9947,9943,Silverstone,2025-07-06T14:00:00+00:00,30,15,86.44
2025,1277,9947,9943,Silverstone,2025-07-06T14:00:00+00:00,5,16,86.446
2025,1277,9947,9943,Silverstone,2025-07-06T14:00:00+00:00,18,17,86.504
2025,1277,9947,9943,Silverstone,2025-07-06T14:00:00+00:00,87,18,85.471
2025,1277,9947,9943,Silverstone,2025-07-06T14:00:00+00:00,27,19,86.574
2025,1277,9947,9943,Silverstone,2025-07-06T14:00:00+00:00,43,20,87.06
2025,1265,9939,9935,Spa-Francorchamps,2025-07-27T13:00:00+00:00,4,1,100.562
2025,1265,9939,9935,Spa-Francorchamps,2025-07-27T13:00:00+00:00,81,2,100.647
2025,1265,9939,9935,Spa-Francorchamps,2025-07-27T13:00:00+00:00,16,3,100.9
2025,1265,9939,9935,Spa-Francorchamps,2025-07-27T13:00:00+00:00,1,4,100.903
2025,1265,9939,9935,Spa-Francorchamps,2025-07-27T13:00:00+00:00,23,5,101.201
2025,1265,9939,9935,Spa-Francorchamps,2025-07-27T13:00:00+00:00,63,6,101.26
2025,1265,9939,9935,Spa-Francorchamps,2025-07-27T13:00:00+00:00,22,7,101.284
2025,1265,9939,9935,Spa-Francorchamps,2025-07-27T13:00:00+00:00,6,8,101.31
2025,1265,9939,9935,Spa-Francorchamps,2025-07-27T13:00:00+00:00,30,9,101.328
2025,1265,9939,9935,Spa-Francorchamps,2025-07-27T13:00:00+00:00,5,10,102.387
2025,1265,9939,9935,Spa-Francorchamps,2025-07-27T13:00:00+00:00,31,11,101.525
2025,1265,9939,9935,Spa-Francorchamps,2025-07-27T13:00:00+00:00,87,12,101.617
2025,1265,9939,9935,Spa-Francorchamps,2025-07-27T13:00:00+00:00,10,13,101.633
2025,1265,9939,9935,Spa-Francorchamps,2025-07-27T13:00:00+00:00,27,14,101.707
2025,1265,9939,9935,Spa-Francorchamps,2025-07-27T13:00:00+00:00,43,15,102.022
2025,1265,9939,9935,Spa-Francorchamps,2025-07-27T13:00:00+00:00,18,16,102.502
2025,1265,9939,9935,Spa-Francorchamps,2025-07-27T13:00:00+00:00,55,17,101.758
2025,1265,9939,9935,Spa-Francorchamps,2025-07-27T13:00:00+00:00,44,18,101.939
2025,1265,9939,9935,Spa-Francorchamps,2025-07-27T13:00:00+00:00,12,19,102.139
2025,1265,9939,9935,Spa-Francorchamps,2025-07-27T13:00:00+00:00,14,20,102.385
2025,1266,9928,9924,Hungaroring,2025-08-03T13:00:00+00:00,16,1,75.372
2025,1266,9928,9924,Hungaroring,2025-08-03T13:00:00+00:00,81,2,75.398
2025,1266,9928,9924,Hungaroring,2025-08-03T13:00:00+00:00,4,3,75.413
2025,1266,9928,9924,Hungaroring,2025-08-03T13:00:00+00:00,63,4,75.425
2025,1266,9928,9924,Hungaroring,2025-08-03T13:00:00+00:00,14,5,75.481
2025,1266,9928,9924,Hungaroring,2025-08-03T13:00:00+00:00,18,6,75.498
2025,1266,9928,9924,Hungaroring,2025-08-03T13:00:00+00:00,5,7,75.725
2025,1266,9928,9924,Hungaroring,2025-08-03T13:00:00+00:00,1,8,75.728
2025,1266,9928,9924,Hungaroring,2025-08-03T13:00:00+00:00,30,9,75.821
2025,1266,9928,9924,Hungaroring,2025-08-03T13:00:00+00:00,6,10,75.915
2025,1266,9928,9924,Hungaroring,2025-08-03T13:00:00+00:00,87,11,75.694
2025,1266,9928,9924,Hungaroring,2025-08-03T13:00:00+00:00,44,12,75.702
2025,1266,9928,9924,Hungaroring,2025-08-03T13:00:00+00:00,55,13,75.781
2025,1266,9928,9924,Hungaroring,2025-08-03T13:00:00+00:00,43,14,76.159
2025,1266,9928,9924,Hungaroring,2025-08-03T13:00:00+00:00,12,15,76.386
2025,1266,9928,9924,Hungaroring,2025-08-03T13:00:00+00:00,22,16,75.899
2025,1266,9928,9924,Hungaroring,2025-08-03T13:00:00+00:00,10,17,75.966
2025,1266,9928,9924,Hungaroring,2025-08-03T13:00:00+00:00,31,18,76.023
2025,1266,9928,9924,Hungaroring,2025-08-03T13:00:00+00:00,27,19,76.081
2025,1266,9928,9924,Hungaroring,2025-08-03T13:00:00+00:00,23,20,76.223
2025,1267,9920,9916,Zandvoort,2025-08-31T13:00:00+00:00,81,1,68.662
2025,1267,9920,9916,Zandvoort,2025-08-31T13:00:00+00:00,4,2,68.674
2025,1267,9920,9916,Zandvoort,2025-08-31T13:00:00+00:00,1,3,68.925
2025,1267,9920,9916,Zandvoort,2025-08-31T13:00:00+00:00,6,4,69.208
2025,1267,9920,9916,Zandvoort,2025-08-31T13:00:00+00:00,63,5,69.255
2025,1267,9920,9916,Zandvoort,2025-08-31T13:00:00+00:00,16,6,69.34
2025,1267,9920,9916,Zandvoort,2025-08-31T13:00:00+00:00,44,7,69.39
2025,1267,9920,9916,Zandvoort,2025-08-31T13:00:00+00:00,30,8,69.5
2025,1267,9920,9916,Zandvoort,2025-08-31T13:00:00+00:00,55,9,69.505
2025,1267,9920,9916,Zandvoort,2025-08-31T13:00:00+00:00,14,10,69.63
2025,1267,9920,9916,Zandvoort,2025-08-31T13:00:00+00:00,12,11,69.493
2025,1267,9920,9916,Zandvoort,2025-08-31T13:00:00+00:00,22,12,69.622
2025,1267,9920,9916,Zandvoort,2025-08-31T13:00:00+00:00,5,13,69.622
2025,1267,9920,9916,Zandvoort,2025-08-31T13:00:00+00:00,10,14,69.637
2025,1267,9920,9916,Zandvoort,2025-08-31T13:00:00+00:00,23,15,69.652
2025,1267,9920,9916,Zandvoort,2025-08-31T13:00:00+00:00,43,16,70.104
2025,1267,9920,9916,Zandvoort,2025-08-31T13:00:00+00:00,27,17,70.195
2025,1267,9920,9916,Zandvoort,2025-08-31T13:00:00+00:00,31,18,70.197
2025,1267,9920,9916,Zandvoort,2025-08-31T13:00:00+00:00,87,19,70.262
2025,1267,9920,9916,Zandvoort,2025-08-31T13:00:00+00:00,18,20,
2025,1268,9912,9908,Monza,2025-09-07T13:00:00+00:00,1,1,78.792
2025,1268,9912,9908,Monza,2025-09-07T13:00:00+00:00,4,2,78.869
2025,1268,9912,9908,Monza,2025-09-07T13:00:00+00:00,81,3,78.982
2025,1268,9912,9908,Monza,2025-09-07T13:00:00+00:00,16,4,79.007
2025,1268,9912,9908,Monza,2025-09-07T13:00:00+00:00,63,5,79.157
2025,1268,9912,9908,Monza,2025-09-07T13:00:00+00:00,12,6,79.2
2025,1268,9912,9908,Monza,2025-09-07T13:00:00+00:00,5,7,79.39
2025,1268,9912,9908,Monza,2025-09-07T13:00:00+00:00,14,8,79.424
2025,1268,9912,9908,Monza,2025-09-07T13:00:00+00:00,22,9,79.519
2025,1268,9912,9908,Monza,2025-09-07T13:00:00+00:00,44,10,79.124
2025,1268,9912,9908,Monza,2025-09-07T13:00:00+00:00,87,11,79.446
2025,1268,9912,9908,Monza,2025-09-07T13:00:00+00:00,27,12,79.498
2025,1268,9912,9908,Monza,2025-09-07T13:00:00+00:00,55,13,79.528
2025,1268,9912,9908,Monza,2025-09-07T13:00:00+00:00,23,14,79.583
2025,1268,9912,9908,Monza,2025-09-07T13:00:00+00:00,31,15,79.707
2025,1268,9912,9908,Monza,2025-09-07T13:00:00+00:00,6,16,79.917
2025,1268,9912,9908,Monza,2025-09-07T13:00:00+00:00,18,17,79.948
2025,1268,9912,9908,Monza,2025-09-07T13:00:00+00:00,43,18,79.992
2025,1268,9912,9908,Monza,2025-09-07T13:00:00+00:00,10,19,80.103
2025,1268,9912,9908,Monza,2025-09-07T13:00:00+00:00,30,20,80.279
2025,1269,9904,9900,Baku,2025-09-21T11:00:00+00:00,1,1,101.117
2025,1269,9904,9900,Baku,2025-09-21T11:00:00+00:00,55,2,101.595
2025,1269,9904,9900,Baku,2025-09-21T11:00:00+00:00,30,3,101.707
2025,1269,9904,9900,Baku,2025-09-21T11:00:00+00:00,12,4,101.717
2025,1269,9904,9900,Baku,2025-09-21T11:00:00+00:00,63,5,102.07
2025,1269,9904,9900,Baku,2025-09-21T11:00:00+00:00,22,6,102.143
2025,1269,9904,9900,Baku,2025-09-21T11:00:00+00:00,4,7,102.239
2025,1269,9904,9900,Baku,2025-09-21T11:00:00+00:00,6,8,102.372
2025,1269,9904,9900,Baku,2025-09-21T11:00:00+00:00,81,9,
2025,1269,9904,9900,Baku,2025-09-21T11:00:00+00:00,16,10,
2025,1269,9904,9900,Baku,2025-09-21T11:00:00+00:00,14,11,101.857
2025,1269,9904,9900,Baku,2025-09-21T11:00:00+00:00,44,12,102.183
2025,1269,9904,9900,Baku,2025-09-21T11:00:00+00:00,5,13,102.277
2025,1269,9904,9900,Baku,2025-09-21T11:00:00+00:00,18,14,103.061
2025,1269,9904,9900,Baku,2025-09-21T11:00:00+00:00,87,15,
2025,1269,9904,9900,Baku,2025-09-21T11:00:00+00:00,43,16,102.779
2025,1269,9904,9900,Baku,2025-09-21T11:00:00+00:00,27,17,102.916
2025,1269,9904,9900,Baku,2025-09-21T11:00:00+00:00,10,18,103.139
2025,1269,9904,9900,Baku,2025-09-21T11:00:00+00:00,23,19,103.778
2025,1269,9904,9900,Baku,2025-09-21T11:00:00+00:00,31,20,
2025,1271,9888,9884,Austin,2025-10-19T19:00:00+00:00,1,1,92.51
2025,1271,9888,9884,Austin,2025-10-19T19:00:00+00:00,4,2,92.801
2025,1271,9888,9884,Austin,2025-10-19T19:00:00+00:00,16,3,92.807
2025,1271,9888,9884,Austin,2025-10-19T19:00:00+00:00,63,4,92.826
2025,1271,9888,9884,Austin,2025-10-19T19:00:00+00:00,44,5,92.912
2025,1271,9888,9884,Austin,2025-10-19T19:00:00+00:00,81,6,93.084
2025,1271,9888,9884,Austin,2025-10-19T19:00:00+00:00,12,7,93.114
2025,1271,9888,9884,Austin,2025-10-19T19:00:00+00:00,87,8,93.139
2025,1271,9888,9884,Austin,2025-10-19T19:00:00+00:00,55,9,93.15
2025,1271,9888,9884,Austin,2025-10-19T19:00:00+00:00,14,10,93.16
2025,1271,9888,9884,Austin,2025-10-19T19:00:00+00:00,27,11,93.334
2025,1271,9888,9884,Austin,2025-10-19T19:00:00+00:00,30,12,93.36
2025,1271,9888,9884,Austin,2025-10-19T19:00:00+00:00,22,13,93.466
2025,1271,9888,9884,Austin,2025-10-19T19:00:00+00:00,10,14,93.651
2025,1271,9888,9884,Austin,2025-10-19T19:00:00+00:00,43,15,94.044
2025,1271,9888,9884,Austin,2025-10-19T19:00:00+00:00,5,16,94.125
2025,1271,9888,9884,Austin,2025-10-19T19:00:00+00:00,31,17,94.136
2025,1271,9888,9884,Austin,2025-10-19T19:00:00+00:00,23,18,94.69
2025,1271,9888,9884,Austin,2025-10-19T19:00:00+00:00,18,19,94.54
2025,1271,9888,9884,Austin,2025-10-19T19:00:00+00:00,6,20,
2025,1272,9877,9873,Mexico City,2025-10-26T20:00:00+00:00,4,1,75.586
2025,1272,9877,9873,Mexico City,2025-10-26T20:00:00+00:00,16,2,75.848
2025,1272,9877,9873,Mexico City,2025-10-26T20:00:00+00:00,44,3,75.938
2025,1272,9877,9873,Mexico City,2025-10-26T20:00:00+00:00,63,4,76.034
2025,1272,9877,9873,Mexico City,2025-10-26T20:00:00+00:00,1,5,76.07
2025,1272,9877,9873,Mexico City,2025-10-26T20:00:00+00:00,12,6,76.118
2025,1272,9877,9873,Mexico City,2025-10-26T20:00:00+00:00,81,7,76.174
2025,1272,9877,9873,Mexico City,2025-10-26T20:00:00+00:00,6,8,76.252
2025,1272,9877,9873,Mexico City,2025-10-26T20:00:00+00:00,87,9,76.46
2025,1272,9877,9873,Mexico City,2025-10-26T20:00:00+00:00,22,10,76.816
2025,1272,9877,9873,Mexico City,2025-10-26T20:00:00+00:00,31,11,76.837
2025,1272,9877,9873,Mexico City,2025-10-26T20:00:00+00:00,55,12,76.172
2025,1272,9877,9873,Mexico City,2025-10-26T20:00:00+00:00,27,13,77.016
2025,1272,9877,9873,Mexico City,2025-10-26T20:00:00+00:00,14,14,77.103
2025,1272,9877,9873,Mexico City,2025-10-26T20:00:00+00:00,30,15,78.072
2025,1272,9877,9873,Mexico City,2025-10-26T20:00:00+00:00,5,16,77.412
2025,1272,9877,9873,Mexico City,2025-10-26T20:00:00+00:00,23,17,77.49
2025,1272,9877,9873,Mexico City,2025-10-26T20:00:00+00:00,10,18,77.546
2025,1272,9877,9873,Mexico City,2025-10-26T20:00:00+00:00,18,19,77.606
2025,1272,9877,9873,Mexico City,2025-10-26T20:00:00+00:00,43,20,77.67
2025,1273,9869,9865,Interlagos,2025-11-09T17:00:00+00:00,4,1,69.511
2025,1273,9869,9865,Interlagos,2025-11-09T17:00:00+00:00,12,2,69.685
2025,1273,9869,9865,Interlagos,2025-11-09T17:00:00+00:00,16,3,69.805
2025,1273,9869,9865,Interlagos,2025-11-09T17:00:00+00:00,81,4,69.886
2025,1273,9869,9865,Interlagos,2025-11-09T17:00:00+00:00,6,5,69.931
2025,1273,9869,9865,Interlagos,2025-11-09T17:00:00+00:00,63,6,69.942
2025,1273,9869,9865,Interlagos,2025-11-09T17:00:00+00:00,30,7,69.962
2025,1273,9869,9865,Interlagos,2025-11-09T17:00:00+00:00,87,8,69.977
2025,1273,9869,9865,Interlagos,2025-11-09T17:00:00+00:00,10,9,70.002
2025,1273,9869,9865,Interlagos,2025-11-09T17:00:00+00:00,27,10,70.039
2025,1273,9869,9865,Interlagos,2025-11-09T17:00:00+00:00,14,11,70.001
2025,1273,9869,9865,Interlagos,2025-11-09T17:00:00+00:00,23,12,70.053
2025,1273,9869,9865,Interlagos,2025-11-09T17:00:00+00:00,44,13,70.1
2025,1273,9869,9865,Interlagos,2025-11-09T17:00:00+00:00,18,14,70.161
2025,1273,9869,9865,Interlagos,2025-11-09T17:00:00+00:00,55,15,70.472
2025,1273,9869,9865,Interlagos,2025-11-09T17:00:00+00:00,1,16,70.403
2025,1273,9869,9865,Interlagos,2025-11-09T17:00:00+00:00,31,17,70.438
2025,1273,9869,9865,Interlagos,2025-11-09T17:00:00+00:00,43,18,70.632
2025,1273,9869,9865,Interlagos,2025-11-09T17:00:00+00:00,22,19,70.711
2025,1273,9869,9865,Interlagos,2025-11-09T17:00:00+00:00,5,20,
2025,1274,9858,9854,Las Vegas,2025-11-23T04:00:00+00:00,4,1,107.934
2025,1274,9858,9854,Las Vegas,2025-11-23T04:00:00+00:00,1,2,108.257
2025,1274,9858,9854,Las Vegas,2025-11-23T04:00:00+00:00,55,3,108.296
2025,1274,9858,9854,Las Vegas,2025-11-23T04:00:00+00:00,63,4,108.803
2025,1274,9858,9854,Las Vegas,2025-11-23T04:00:00+00:00,81,5,108.961
2025,1274,9858,9854,Las Vegas,2025-11-23T04:00:00+00:00,30,6,109.062
2025,1274,9858,9854,Las Vegas,2025-11-23T04:00:00+00:00,14,7,109.466
2025,1274,9858,9854,Las Vegas,2025-11-23T04:00:00+00:00,6,8,109.554
2025,1274,9858,9854,Las Vegas,2025-11-23T04:00:00+00:00,16,9,109.872
2025,1274,9858,9854,Las Vegas,2025-11-23T04:00:00+00:00,10,10,111.54
2025,1274,9858,9854,Las Vegas,2025-11-23T04:00:00+00:00,27,11,112.781
2025,1274,9858,9854,Las Vegas,2025-11-23T04:00:00+00:00,18,12,112.85
2025,1274,9858,9854,Las Vegas,2025-11-23T04:00:00+00:00,31,13,112.987
2025,1274,9858,9854,Las Vegas,2025-11-23T04:00:00+00:00,87,14,113.094
2025,1274,9858,9854,Las Vegas,2025-11-23T04:00:00+00:00,43,15,113.683
2025,1274,9858,9854,Las Vegas,2025-11-23T04:00:00+00:00,23,16,116.22
2025,1274,9858,9854,Las Vegas,2025-11-23T04:00:00+00:00,12,17,116.314
2025,1274,9858,9854,Las Vegas,2025-11-23T04:00:00+00:00,5,18,116.674
2025,1274,9858,9854,Las Vegas,2025-11-23T04:00:00+00:00,44,19,117.115
2025,1274,9858,9854,Las Vegas,2025-11-23T04:00:00+00:00,22,20,116.798
2025,1275,9850,9846,Lusail,2025-11-30T16:00:00+00:00,81,1,79.387
2025,1275,9850,9846,Lusail,2025-11-30T16:00:00+00:00,4,2,79.495
2025,1275,9850,9846,Lusail,2025-11-30T16:00:00+00:00,1,3,79.651
2025,1275,9850,9846,Lusail,2025-11-30T16:00:00+00:00,63,4,79.662
2025,1275,9850,9846,Lusail,2025-11-30T16:00:00+00:00,12,5,79.846
2025,1275,9850,9846,Lusail,2025-11-30T16:00:00+00:00,6,6,80.114
2025,1275,9850,9846,Lusail,2025-11-30T16:00:00+00:00,55,7,80.287
2025,1275,9850,9846,Lusail,2025-11-30T16:00:00+00:00,14,8,80.418
2025,1275,9850,9846,Lusail,2025-11-30T16:00:00+00:00,10,9,80.477
2025,1275,9850,9846,Lusail,2025-11-30T16:00:00+00:00,16,10,80.561
2025,1275,9850,9846,Lusail,2025-11-30T16:00:00+00:00,27,11,80.353
2025,1275,9850,9846,Lusail,2025-11-30T16:00:00+00:00,30,12,80.433
2025,1275,9850,9846,Lusail,2025-11-30T16:00:00+00:00,87,13,80.438
2025,1275,9850,9846,Lusail,2025-11-30T16:00:00+00:00,23,14,80.629
2025,1275,9850,9846,Lusail,2025-11-30T16:00:00+00:00,22,15,80.761
2025,1275,9850,9846,Lusail,2025-11-30T16:00:00+00:00,31,16,80.864
2025,1275,9850,9846,Lusail,2025-11-30T16:00:00+00:00,44,17,80.907
2025,1275,9850,9846,Lusail,2025-11-30T16:00:00+00:00,18,18,81.058
2025,1275,9850,9846,Lusail,2025-11-30T16:00:00+00:00,5,19,80.534
2025,1275,9850,9846,Lusail,2025-11-30T16:00:00+00:00,43,20,81.137
2025,1276,9839,9835,Yas Marina Circuit,2025-12-07T13:00:00+00:00,1,1,82.207
2025,1276,9839,9835,Yas Marina Circuit,2025-12-07T13:00:00+00:00,4,2,82.408
2025,1276,9839,9835,Yas Marina Circuit,2025-12-07T13:00:00+00:00,81,3,82.437
2025,1276,9839,9835,Yas Marina Circuit,2025-12-07T13:00:00+00:00,63,4,82.645
2025,1276,9839,9835,Yas Marina Circuit,2025-12-07T13:00:00+00:00,16,5,82.73
2025,1276,9839,9835,Yas Marina Circuit,2025-12-07T13:00:00+00:00,14,6,82.902
2025,1276,9839,9835,Yas Marina Circuit,2025-12-07T13:00:00+00:00,5,7,82.904
2025,1276,9839,9835,Yas Marina Circuit,2025-12-07T13:00:00+00:00,31,8,82.913
2025,1276,9839,9835,Yas Marina Circuit,2025-12-07T13:00:00+00:00,6,9,83.072
2025,1276,9839,9835,Yas Marina Circuit,2025-12-07T13:00:00+00:00,22,10,
2025,1276,9839,9835,Yas Marina Circuit,2025-12-07T13:00:00+00:00,87,11,83.041
2025,1276,9839,9835,Yas Marina Circuit,2025-12-07T13:00:00+00:00,55,12,83.042
2025,1276,9839,9835,Yas Marina Circuit,2025-12-07T13:00:00+00:00,30,13,83.077
2025,1276,9839,9835,Yas Marina Circuit,2025-12-07T13:00:00+00:00,12,14,83.08
2025,1276,9839,9835,Yas Marina Circuit,2025-12-07T13:00:00+00:00,18,15,83.097
2025,1276,9839,9835,Yas Marina Circuit,2025-12-07T13:00:00+00:00,44,16,83.394
2025,1276,9839,9835,Yas Marina Circuit,2025-12-07T13:00:00+00:00,23,17,83.416
2025,1276,9839,9835,Yas Marina Circuit,2025-12-07T13:00:00+00:00,27,18,83.45
2025,1276,9839,9835,Yas Marina Circuit,2025-12-07T13:00:00+00:00,10,19,83.468
2025,1276,9839,9835,Yas Marina Circuit,2025-12-07T13:00:00+00:00,43,20,83.89
