season,meeting_key,session_key,driver_number,stint_number,compound,lap_start,tyre_age_at_start
2025,1254,9693,18,1,INTERMEDIATE,1.0,0
2025,1254,9693,12,1,INTERMEDIATE,1.0,0
2025,1254,9693,14,1,INTERMEDIATE,1.0,0
2025,1254,9693,63,1,INTERMEDIATE,1.0,0
2025,1254,9693,7,1,INTERMEDIATE,,0
2025,1254,9693,4,1,INTERMEDIATE,1.0,0
2025,1254,9693,27,1,INTERMEDIATE,1.0,0
2025,1254,9693,55,1,INTERMEDIATE,,0
2025,1254,9693,31,1,INTERMEDIATE,1.0,0
2025,1254,9693,22,1,INTERMEDIATE,1.0,0
2025,1254,9693,10,1,INTERMEDIATE,1.0,0
2025,1254,9693,44,1,INTERMEDIATE,1.0,0
2025,1254,9693,1,1,INTERMEDIATE,1.0,0
2025,1254,9693,6,1,INTERMEDIATE,,0
2025,1254,9693,23,1,INTERMEDIATE,1.0,0
2025,1254,9693,30,1,INTERMEDIATE,,0
2025,1254,9693,16,1,INTERMEDIATE,1.0,0
2025,1254,9693,81,1,INTERMEDIATE,1.0,0
2025,1254,9693,87,1,INTERMEDIATE,1.0,0
2025,1254,9693,5,1,INTERMEDIATE,1.0,0
2025,1254,9693,30,2,INTERMEDIATE,,0
2025,1254,9693,30,3,INTERMEDIATE,1.0,0
2025,1254,9693,4,2,INTERMEDIATE,2.0,0
2025,1254,9693,1,2,INTERMEDIATE,2.0,2
2025,1254,9693,81,2,INTERMEDIATE,2.0,0
2025,1254,9693,63,2,INTERMEDIATE,2.0,2
2025,1254,9693,16,2,INTERMEDIATE,2.0,2
2025,1254,9693,23,2,INTERMEDIATE,2.0,0
2025,1254,9693,22,2,INTERMEDIATE,2.0,2
2025,1254,9693,10,2,INTERMEDIATE,2.0,0
2025,1254,9693,44,2,INTERMEDIATE,2.0,2
2025,1254,9693,14,2,INTERMEDIATE,2.0,2
2025,1254,9693,27,2,INTERMEDIATE,2.0,0
2025,1254,9693,18,2,INTERMEDIATE,2.0,2
2025,1254,9693,5,2,INTERMEDIATE,2.0,0
2025,1254,9693,31,2,INTERMEDIATE,2.0,2
2025,1254,9693,12,2,INTERMEDIATE,2.0,2
2025,1254,9693,30,4,INTERMEDIATE,2.0,2
2025,1254,9693,87,2,INTERMEDIATE,2.0,0
2025,1254,9693,5,3,INTERMEDIATE,3.0,0
2025,1254,9693,87,3,INTERMEDIATE,3.0,0
2025,1254,9693,1,3,INTERMEDIATE,3.0,0
2025,1254,9693,4,3,INTERMEDIATE,3.0,0
2025,1254,9693,81,3,INTERMEDIATE,3.0,0
2025,1254,9693,63,3,INTERMEDIATE,3.0,3
2025,1254,9693,16,3,INTERMEDIATE,3.0,3
2025,1254,9693,22,3,INTERMEDIATE,3.0,0
2025,1254,9693,23,3,INTERMEDIATE,3.0,1
2025,1254,9693,44,3,INTERMEDIATE,3.0,3
2025,1254,9693,14,3,INTERMEDIATE,3.0,3
2025,1254,9693,10,3,INTERMEDIATE,3.0,3
2025,1254,9693,27,3,INTERMEDIATE,3.0,3
2025,1254,9693,18,3,INTERMEDIATE,3.0,3
2025,1254,9693,12,3,INTERMEDIATE,3.0,0
2025,1254,9693,5,4,INTERMEDIATE,3.0,0
2025,1254,9693,31,3,INTERMEDIATE,3.0,3
2025,1254,9693,87,4,INTERMEDIATE,3.0,0
2025,1254,9693,30,5,INTERMEDIATE,3.0,3
2025,1254,9693,5,5,INTERMEDIATE,4.0,3
2025,1254,9693,87,5,INTERMEDIATE,4.0,3
2025,1254,9693,4,4,INTERMEDIATE,4.0,0
2025,1254,9693,1,4,INTERMEDIATE,4.0,0
2025,1254,9693,63,4,INTERMEDIATE,4.0,4
2025,1254,9693,81,4,INTERMEDIATE,4.0,0
2025,1254,9693,22,4,INTERMEDIATE,4.0,0
2025,1254,9693,16,4,INTERMEDIATE,4.0,4
2025,1254,9693,23,4,INTERMEDIATE,4.0,2
2025,1254,9693,44,4,INTERMEDIATE,4.0,4
2025,1254,9693,14,4,INTERMEDIATE,4.0,4
2025,1254,9693,10,4,INTERMEDIATE,4.0,4
2025,1254,9693,27,4,INTERMEDIATE,4.0,4
2025,1254,9693,18,4,INTERMEDIATE,4.0,4
2025,1254,9693,5,6,MEDIUM,4.0,4
2025,1254,9693,12,4,INTERMEDIATE,4.0,4
2025,1254,9693,30,6,INTERMEDIATE,4.0,0
2025,1254,9693,31,4,INTERMEDIATE,4.0,0
2025,1254,9693,87,6,MEDIUM,4.0,0
2025,1254,9693,44,5,HARD,33.0,1
2025,1254,9693,23,5,MEDIUM,33.0,0
2025,1254,9693,22,5,MEDIUM,33.0,0
2025,1254,9693,10,5,HARD,33.0,0
2025,1254,9693,12,5,HARD,33.0,0
2025,1254,9693,18,5,HARD,33.0,1
2025,1254,9693,27,5,MEDIUM,33.0,0
2025,1254,9693,4,5,HARD,34.0,1
2025,1254,9693,81,5,HARD,34.0,1
2025,1254,9693,30,7,MEDIUM,33.0,0
2025,1254,9693,1,5,MEDIUM,34.0,0
2025,1254,9693,63,5,HARD,34.0,0
2025,1254,9693,16,5,HARD,34.0,1
2025,1254,9693,31,5,MEDIUM,39.0,0
2025,1254,9693,4,6,INTERMEDIATE,44.0,0
2025,1254,9693,23,6,INTERMEDIATE,44.0,0
2025,1254,9693,63,6,INTERMEDIATE,44.0,0
2025,1254,9693,18,6,INTERMEDIATE,44.0,0
2025,1254,9693,27,6,INTERMEDIATE,44.0,0
2025,1254,9693,12,6,INTERMEDIATE,44.0,0
2025,1254,9693,5,7,INTERMEDIATE,44.0,0
2025,1254,9693,81,6,INTERMEDIATE,44.0,0
2025,1254,9693,87,7,INTERMEDIATE,44.0,0
2025,1254,9693,1,6,INTERMEDIATE,46.0,0
2025,1254,9693,10,6,INTERMEDIATE,46.0,0
2025,1254,9693,31,6,INTERMEDIATE,46.0,0
2025,1254,9693,44,6,INTERMEDIATE,47.0,0
2025,1254,9693,22,6,INTERMEDIATE,47.0,0
2025,1254,9693,16,6,INTERMEDIATE,47.0,0
2025,1255,9998,23,1,MEDIUM,1.0,0
2025,1255,9998,14,1,MEDIUM,1.0,5
2025,1255,9998,16,1,MEDIUM,1.0,0
2025,1255,9998,27,1,MEDIUM,1.0,0
2025,1255,9998,18,1,HARD,1.0,0
2025,1255,9998,7,1,MEDIUM,1.0,0
2025,1255,9998,44,1,MEDIUM,1.0,0
2025,1255,9998,55,1,MEDIUM,1.0,0
2025,1255,9998,22,1,MEDIUM,1.0,0
2025,1255,9998,30,1,HARD,1.0,0
2025,1255,9998,1,1,MEDIUM,1.0,0
2025,1255,9998,6,1,MEDIUM,1.0,0
2025,1255,9998,63,1,MEDIUM,1.0,0
2025,1255,9998,10,1,MEDIUM,1.0,0
2025,1255,9998,5,1,MEDIUM,1.0,0
2025,1255,9998,12,1,MEDIUM,1.0,0
2025,1255,9998,31,1,MEDIUM,1.0,0
2025,1255,9998,81,1,MEDIUM,1.0,0
2025,1255,9998,87,1,HARD,1.0,0
2025,1255,9998,4,1,MEDIUM,1.0,0
2025,1255,9998,5,2,HARD,2.0,0
2025,1255,9998,10,2,HARD,11.0,0
2025,1255,9998,22,2,HARD,12.0,0
2025,1255,9998,31,2,HARD,12.0,0
2025,1255,9998,7,2,HARD,12.0,0
2025,1255,9998,6,2,HARD,13.0,0
2025,1255,9998,12,2,HARD,13.0,0
2025,1255,9998,44,2,HARD,14.0,0
2025,1255,9998,1,2,HARD,14.0,0
2025,1255,9998,81,2,HARD,15.0,0
2025,1255,9998,63,2,HARD,15.0,0
2025,1255,9998,4,2,HARD,16.0,0
2025,1255,9998,16,2,HARD,16.0,0
2025,1255,9998,55,2,HARD,18.0,0
2025,1255,9998,30,2,MEDIUM,19.0,0
2025,1255,9998,23,2,HARD,21.0,0
2025,1255,9998,27,2,HARD,21.0,0
2025,1255,9998,87,2,MEDIUM,27.0,0
2025,1255,9998,5,3,HARD,27.0,0
2025,1255,9998,30,3,HARD,31.0,0
2025,1255,9998,6,3,HARD,34.0,0
2025,1255,9998,22,3,HARD,36.0,0
2025,1255,9998,18,2,MEDIUM,37.0,0
2025,1255,9998,44,3,HARD,38.0,0
2025,1255,9998,22,4,MEDIUM,47.0,6
2025,1256,10006,12,1,MEDIUM,1.0,0
2025,1256,10006,63,1,MEDIUM,1.0,0
2025,1256,10006,7,1,SOFT,1.0,0
2025,1256,10006,18,1,SOFT,1.0,0
2025,1256,10006,14,1,MEDIUM,1.0,1
2025,1256,10006,23,1,MEDIUM,1.0,0
2025,1256,10006,4,1,MEDIUM,1.0,0
2025,1256,10006,55,1,MEDIUM,1.0,0
2025,1256,10006,44,1,HARD,1.0,0
2025,1256,10006,10,1,MEDIUM,1.0,0
2025,1256,10006,30,1,MEDIUM,1.0,0
2025,1256,10006,81,1,MEDIUM,1.0,0
2025,1256,10006,5,1,HARD,1.0,0
2025,1256,10006,31,1,HARD,1.0,1
2025,1256,10006,6,1,MEDIUM,1.0,0
2025,1256,10006,1,1,MEDIUM,1.0,0
2025,1256,10006,16,1,MEDIUM,1.0,0
2025,1256,10006,87,1,MEDIUM,1.0,0
2025,1256,10006,27,1,MEDIUM,1.0,0
2025,1256,10006,22,1,MEDIUM,1.0,0
2025,1256,10006,18,2,HARD,10.0,1
2025,1256,10006,7,2,HARD,16.0,0
2025,1256,10006,63,2,HARD,20.0,0
2025,1256,10006,81,2,HARD,21.0,0
2025,1256,10006,1,2,HARD,22.0,0
2025,1256,10006,4,2,HARD,22.0,0
2025,1256,10006,16,2,HARD,22.0,0
2025,1256,10006,27,2,HARD,23.0,0
2025,1256,10006,87,2,HARD,24.0,1
2025,1256,10006,22,2,HARD,24.0,0
2025,1256,10006,23,2,HARD,25.0,0
2025,1256,10006,14,2,HARD,25.0,1
2025,1256,10006,10,2,HARD,25.0,0
2025,1256,10006,6,2,HARD,26.0,0
2025,1256,10006,44,2,MEDIUM,31.0,0
2025,1256,10006,18,3,MEDIUM,31.0,0
2025,1256,10006,12,2,HARD,32.0,0
2025,1256,10006,5,2,MEDIUM,32.0,0
2025,1256,10006,31,2,MEDIUM,33.0,0
2025,1256,10006,55,2,SOFT,34.0,0
2025,1256,10006,30,2,SOFT,34.0,0
2025,1257,10014,18,1,SOFT,1.0,0
2025,1257,10014,4,1,SOFT,1.0,3
2025,1257,10014,55,1,SOFT,1.0,3
2025,1257,10014,44,1,MEDIUM,1.0,0
2025,1257,10014,30,1,MEDIUM,1.0,0
2025,1257,10014,5,1,MEDIUM,1.0,0
2025,1257,10014,14,1,MEDIUM,1.0,0
2025,1257,10014,10,1,SOFT,1.0,3
2025,1257,10014,81,1,SOFT,1.0,3
2025,1257,10014,16,1,MEDIUM,1.0,0
2025,1257,10014,22,1,SOFT,1.0,3
2025,1257,10014,87,1,SOFT,1.0,0
2025,1257,10014,31,1,SOFT,1.0,0
2025,1257,10014,6,1,SOFT,1.0,0
2025,1257,10014,12,1,SOFT,1.0,3
2025,1257,10014,63,1,SOFT,1.0,3
2025,1257,10014,7,1,SOFT,1.0,0
2025,1257,10014,27,1,SOFT,1.0,0
2025,1257,10014,23,1,SOFT,1.0,0
2025,1257,10014,1,1,SOFT,1.0,3
2025,1257,10014,27,2,MEDIUM,6.0,0
2025,1257,10014,6,2,MEDIUM,7.0,0
2025,1257,10014,31,2,MEDIUM,9.0,0
2025,1257,10014,7,2,MEDIUM,10.0,0
2025,1257,10014,4,2,MEDIUM,11.0,0
2025,1257,10014,1,2,HARD,11.0,0
2025,1257,10014,10,2,MEDIUM,11.0,0
2025,1257,10014,22,2,MEDIUM,12.0,0
2025,1257,10014,12,2,MEDIUM,13.0,0
2025,1257,10014,18,2,MEDIUM,13.0,0
2025,1257,10014,63,2,MEDIUM,14.0,0
2025,1257,10014,5,2,HARD,14.0,0
2025,1257,10014,81,2,MEDIUM,15.0,0
2025,1257,10014,55,2,MEDIUM,15.0,0
2025,1257,10014,87,2,HARD,15.0,0
2025,1257,10014,30,2,HARD,15.0,0
2025,1257,10014,23,2,HARD,17.0,0
2025,1257,10014,14,2,MEDIUM,17.0,0
2025,1257,10014,16,2,MEDIUM,18.0,0
2025,1257,10014,44,2,MEDIUM,18.0,0
2025,1257,10014,1,3,MEDIUM,27.0,0
2025,1257,10014,12,3,SOFT,28.0,3
2025,1257,10014,31,3,HARD,28.0,0
2025,1257,10014,27,3,MEDIUM,28.0,0
2025,1257,10014,10,3,HARD,29.0,0
2025,1257,10014,7,3,HARD,29.0,0
2025,1257,10014,6,3,HARD,29.0,0
2025,1257,10014,81,3,MEDIUM,33.0,0
2025,1257,10014,63,3,SOFT,33.0,3
2025,1257,10014,16,3,HARD,33.0,0
2025,1257,10014,4,3,MEDIUM,33.0,0
2025,1257,10014,44,3,HARD,33.0,0
2025,1257,10014,55,3,HARD,33.0,0
2025,1257,10014,22,3,SOFT,33.0,0
2025,1257,10014,87,3,SOFT,33.0,0
2025,1257,10014,12,4,SOFT,33.0,3
2025,1257,10014,23,3,MEDIUM,33.0,0
2025,1257,10014,14,3,HARD,33.0,0
2025,1257,10014,30,3,SOFT,33.0,0
2025,1257,10014,18,3,HARD,33.0,0
2025,1257,10014,5,3,MEDIUM,33.0,0
2025,1257,10014,55,4,SOFT,45.0,3
2025,1258,10022,10,1,MEDIUM,,0
2025,1258,10022,7,1,MEDIUM,1.0,0
2025,1258,10022,31,1,MEDIUM,1.0,0
2025,1258,10022,5,1,MEDIUM,1.0,0
2025,1258,10022,22,1,MEDIUM,1.0,0
2025,1258,10022,87,1,MEDIUM,1.0,0
2025,1258,10022,81,1,MEDIUM,1.0,0
2025,1258,10022,12,1,MEDIUM,1.0,0
2025,1258,10022,14,1,MEDIUM,1.0,1
2025,1258,10022,63,1,MEDIUM,1.0,0
2025,1258,10022,30,1,MEDIUM,1.0,0
2025,1258,10022,1,1,MEDIUM,1.0,0
2025,1258,10022,55,1,MEDIUM,1.0,0
2025,1258,10022,23,1,MEDIUM,1.0,0
2025,1258,10022,44,1,MEDIUM,1.0,0
2025,1258,10022,16,1,MEDIUM,1.0,0
2025,1258,10022,7,2,HARD,2.0,0
2025,1258,10022,27,1,HARD,1.0,0
2025,1258,10022,4,1,HARD,1.0,0
2025,1258,10022,6,1,HARD,1.0,0
2025,1258,10022,18,1,HARD,1.0,1
2025,1258,10022,81,2,HARD,20.0,0
2025,1258,10022,1,2,HARD,22.0,0
2025,1258,10022,27,2,MEDIUM,34.0,0
2025,1258,10022,18,2,MEDIUM,40.0,1
2025,1258,10022,16,2,HARD,30.0,0
2025,1258,10022,4,2,MEDIUM,35.0,0
2025,1258,10022,7,3,HARD,33.0,0
2025,1258,10022,5,2,HARD,2.0,0
2025,1258,10022,63,2,HARD,21.0,0
2025,1258,10022,12,2,HARD,20.0,0
2025,1258,10022,44,2,HARD,24.0,0
2025,1258,10022,55,2,HARD,22.0,0
2025,1258,10022,23,2,HARD,23.0,0
2025,1258,10022,6,2,MEDIUM,35.0,0
2025,1258,10022,30,2,HARD,21.0,1
2025,1258,10022,14,2,HARD,20.0,1
2025,1258,10022,87,2,HARD,19.0,0
2025,1258,10022,31,2,HARD,2.0,0
2025,1259,10033,1,1,MEDIUM,1.0,24
2025,1259,10033,12,1,MEDIUM,1.0,24
2025,1259,10033,81,1,MEDIUM,1.0,24
2025,1259,10033,63,1,HARD,1.0,24
2025,1259,10033,23,1,MEDIUM,1.0,24
2025,1259,10033,4,1,MEDIUM,1.0,24
2025,1259,10033,55,1,MEDIUM,1.0,30
2025,1259,10033,16,1,MEDIUM,1.0,24
2025,1259,10033,22,1,MEDIUM,1.0,24
2025,1259,10033,31,1,MEDIUM,1.0,23
2025,1259,10033,6,1,MEDIUM,1.0,22
2025,1259,10033,44,1,HARD,1.0,23
2025,1259,10033,5,1,MEDIUM,1.0,19
2025,1259,10033,27,1,HARD,1.0,23
2025,1259,10033,18,1,MEDIUM,1.0,21
2025,1259,10033,87,1,HARD,1.0,23
2025,1259,10033,14,1,HARD,1.0,24
2025,1259,10033,10,1,HARD,1.0,23
2025,1259,10033,30,1,HARD,1.0,23
2025,1259,10033,5,2,HARD,24.0,4
2025,1259,10033,31,2,HARD,24.0,0
2025,1259,10033,6,2,HARD,24.0,1
2025,1259,10033,18,2,HARD,24.0,4
2025,1259,10033,7,1,MEDIUM,1.0,0
2025,1259,10033,63,2,MEDIUM,33.0,3
2025,1259,10033,14,2,MEDIUM,33.0,5
2025,1259,10033,10,2,MEDIUM,33.0,0
2025,1259,10033,81,2,HARD,33.0,3
2025,1259,10033,12,2,HARD,33.0,7
2025,1259,10033,23,2,HARD,33.0,6
2025,1259,10033,16,2,HARD,33.0,3
2025,1259,10033,22,2,HARD,33.0,5
2025,1259,10033,4,2,HARD,33.0,3
2025,1259,10033,55,2,HARD,33.0,7
2025,1259,10033,44,2,MEDIUM,33.0,4
2025,1259,10033,30,2,MEDIUM,32.0,3
2025,1259,10033,1,2,HARD,33.0,6
2025,1259,10033,27,2,MEDIUM,37.0,0
2025,1260,9987,31,1,MEDIUM,1.0,0
2025,1260,9987,10,1,MEDIUM,1.0,0
2025,1260,9987,16,1,MEDIUM,1.0,0
2025,1260,9987,30,1,MEDIUM,1.0,0
2025,1260,9987,63,1,MEDIUM,1.0,3
2025,1260,9987,55,1,MEDIUM,1.0,0
2025,1260,9987,14,1,MEDIUM,1.0,3
2025,1260,9987,5,1,MEDIUM,1.0,0
2025,1260,9987,81,1,MEDIUM,1.0,0
2025,1260,9987,18,1,MEDIUM,1.0,3
2025,1260,9987,43,1,MEDIUM,1.0,0
2025,1260,9987,31,2,HARD,2.0,0
2025,1260,9987,4,1,MEDIUM,1.0,0
2025,1260,9987,1,1,MEDIUM,1.0,0
2025,1260,9987,23,1,MEDIUM,1.0,0
2025,1260,9987,6,1,MEDIUM,1.0,0
2025,1260,9987,12,1,HARD,1.0,0
2025,1260,9987,44,1,HARD,1.0,0
2025,1260,9987,16,2,HARD,11.0,0
2025,1260,9987,27,1,HARD,1.0,0
2025,1260,9987,87,1,HARD,1.0,0
2025,1260,9987,63,2,HARD,12.0,0
2025,1260,9987,22,1,HARD,1.0,0
2025,1260,9987,55,2,HARD,12.0,0
2025,1260,9987,10,2,HARD,10.0,0
2025,1260,9987,30,2,HARD,11.0,0
2025,1260,9987,5,2,HARD,13.0,0
2025,1260,9987,81,2,HARD,14.0,0
2025,1260,9987,87,2,MEDIUM,30.0,0
2025,1260,9987,12,2,MEDIUM,30.0,0
2025,1260,9987,1,2,HARD,30.0,0
2025,1260,9987,4,2,HARD,29.0,0
2025,1260,9987,44,2,MEDIUM,30.0,0
2025,1260,9987,6,2,HARD,30.0,0
2025,1260,9987,14,2,HARD,13.0,1
2025,1260,9987,18,2,HARD,15.0,1
2025,1260,9987,43,2,HARD,23.0,0
2025,1260,9987,5,3,HARD,30.0,0
2025,1260,9987,23,2,HARD,30.0,0
2025,1260,9987,1,3,HARD,47.0,0
2025,1260,9987,4,3,HARD,47.0,1
2025,1260,9987,81,3,HARD,31.0,0
2025,1260,9987,44,3,HARD,47.0,0
2025,1260,9987,23,3,HARD,48.0,0
2025,1260,9987,16,3,HARD,30.0,0
2025,1260,9987,63,3,HARD,30.0,0
2025,1260,9987,55,3,HARD,30.0,0
2025,1260,9987,6,3,HARD,47.0,0
2025,1260,9987,22,2,MEDIUM,30.0,0
2025,1260,9987,14,3,MEDIUM,47.0,4
2025,1260,9987,27,2,MEDIUM,30.0,0
2025,1260,9987,10,3,HARD,30.0,0
2025,1260,9987,30,3,HARD,30.0,0
2025,1260,9987,18,3,MEDIUM,47.0,6
2025,1260,9987,43,3,HARD,47.0,0
2025,1260,9987,87,3,HARD,32.0,0
2025,1260,9987,5,4,MEDIUM,47.0,12
2025,1261,9979,22,1,SOFT,1.0,0
2025,1261,9979,10,1,MEDIUM,1.0,6
2025,1261,9979,87,1,MEDIUM,1.0,0
2025,1261,9979,5,1,MEDIUM,1.0,0
2025,1261,9979,10,2,MEDIUM,1.0,0
2025,1261,9979,27,1,MEDIUM,1.0,0
2025,1261,9979,43,1,HARD,1.0,0
2025,1261,9979,6,1,MEDIUM,1.0,0
2025,1261,9979,14,1,HARD,1.0,1
2025,1261,9979,31,1,MEDIUM,1.0,0
2025,1261,9979,18,1,HARD,1.0,1
2025,1261,9979,87,2,HARD,1.0,0
2025,1261,9979,44,1,HARD,1.0,0
2025,1261,9979,4,1,MEDIUM,1.0,0
2025,1261,9979,6,2,SOFT,14.0,3
2025,1261,9979,81,1,MEDIUM,1.0,0
2025,1261,9979,16,1,MEDIUM,1.0,0
2025,1261,9979,43,2,MEDIUM,13.0,7
2025,1261,9979,5,2,HARD,1.0,0
2025,1261,9979,1,1,HARD,1.0,0
2025,1261,9979,31,2,MEDIUM,16.0,4
2025,1261,9979,30,1,MEDIUM,1.0,6
2025,1261,9979,23,1,MEDIUM,1.0,4
2025,1261,9979,14,2,HARD,16.0,1
2025,1261,9979,5,3,SOFT,26.0,0
2025,1261,9979,23,2,MEDIUM,32.0,8
2025,1261,9979,30,2,SOFT,31.0,3
2025,1261,9979,27,2,HARD,12.0,0
2025,1261,9979,81,2,HARD,20.0,0
2025,1261,9979,16,2,HARD,22.0,0
2025,1261,9979,55,1,HARD,1.0,0
2025,1261,9979,4,2,HARD,19.0,0
2025,1261,9979,55,2,MEDIUM,48.0,0
2025,1261,9979,63,1,HARD,1.0,0
2025,1261,9979,44,2,HARD,18.0,1
2025,1261,9979,18,2,HARD,17.0,1
2025,1261,9979,63,2,MEDIUM,53.0,53
2025,1261,9979,12,1,HARD,1.0,0
2025,1261,9979,12,2,MEDIUM,69.0,0
2025,1261,9979,22,2,HARD,1.0,0
2025,1261,9979,1,2,MEDIUM,28.0,0
2025,1261,9979,4,3,HARD,50.0,0
2025,1261,9979,16,3,MEDIUM,49.0,0
2025,1261,9979,81,3,HARD,48.0,0
2025,1261,9979,12,3,HARD,71.0,0
2025,1261,9979,23,3,HARD,40.0,0
2025,1261,9979,55,3,MEDIUM,53.0,8
2025,1261,9979,1,3,SOFT,77.0,3
2025,1261,9979,63,3,HARD,68.0,0
2025,1261,9979,44,3,MEDIUM,56.0,0
2025,1261,9979,87,3,MEDIUM,17.0,0
2025,1261,9979,43,3,MEDIUM,26.0,0
2025,1261,9979,6,3,HARD,19.0,1
2025,1261,9979,31,3,HARD,28.0,0
2025,1261,9979,30,3,HARD,40.0,1
2025,1261,9979,5,4,MEDIUM,35.0,0
2025,1261,9979,18,3,MEDIUM,64.0,1
2025,1261,9979,27,3,SOFT,44.0,0
2025,1261,9979,22,3,MEDIUM,73.0,0
2025,1262,9971,23,1,SOFT,1.0,3
2025,1262,9971,87,1,SOFT,1.0,0
2025,1262,9971,22,1,MEDIUM,1.0,0
2025,1262,9971,27,1,SOFT,1.0,0
2025,1262,9971,55,1,SOFT,1.0,0
2025,1262,9971,10,1,SOFT,1.0,2
2025,1262,9971,1,1,SOFT,1.0,3
2025,1262,9971,43,1,SOFT,1.0,0
2025,1262,9971,14,1,SOFT,1.0,2
2025,1262,9971,44,1,SOFT,1.0,3
2025,1262,9971,16,1,SOFT,1.0,1
2025,1262,9971,30,1,SOFT,1.0,0
2025,1262,9971,6,1,SOFT,1.0,3
2025,1262,9971,5,1,SOFT,1.0,3
2025,1262,9971,63,1,SOFT,1.0,3
2025,1262,9971,31,1,SOFT,1.0,0
2025,1262,9971,4,1,SOFT,1.0,0
2025,1262,9971,12,1,SOFT,1.0,3
2025,1262,9971,81,1,SOFT,1.0,0
2025,1262,9971,22,2,SOFT,9.0,0
2025,1262,9971,23,2,SOFT,7.0,0
2025,1262,9971,23,3,SOFT,27.0,20
2025,1262,9971,1,2,SOFT,14.0,0
2025,1262,9971,10,2,SOFT,11.0,3
2025,1262,9971,55,2,SOFT,10.0,0
2025,1262,9971,87,2,MEDIUM,9.0,0
2025,1262,9971,16,2,MEDIUM,18.0,0
2025,1262,9971,43,2,MEDIUM,15.0,0
2025,1262,9971,63,2,MEDIUM,21.0,0
2025,1262,9971,14,2,MEDIUM,16.0,1
2025,1262,9971,31,2,MEDIUM,21.0,0
2025,1262,9971,30,2,MEDIUM,19.0,0
2025,1262,9971,22,3,SOFT,25.0,0
2025,1262,9971,27,2,MEDIUM,10.0,0
2025,1262,9971,44,2,MEDIUM,17.0,0
2025,1262,9971,1,3,MEDIUM,30.0,0
2025,1262,9971,4,2,MEDIUM,22.0,0
2025,1262,9971,6,2,MEDIUM,20.0,0
2025,1262,9971,81,2,MEDIUM,23.0,0
2025,1262,9971,12,2,MEDIUM,22.0,0
2025,1262,9971,5,2,MEDIUM,20.0,0
2025,1262,9971,12,3,SOFT,50.0,3
2025,1262,9971,81,3,SOFT,50.0,3
2025,1262,9971,4,3,SOFT,49.0,3
2025,1262,9971,1,4,SOFT,48.0,3
2025,1262,9971,14,3,SOFT,43.0,3
2025,1262,9971,87,3,MEDIUM,36.0,0
2025,1262,9971,22,4,SOFT,45.0,0
2025,1262,9971,16,3,MEDIUM,41.0,0
2025,1262,9971,63,3,SOFT,42.0,0
2025,1262,9971,44,3,SOFT,47.0,3
2025,1262,9971,43,3,SOFT,40.0,0
2025,1262,9971,6,3,SOFT,49.0,0
2025,1262,9971,10,3,MEDIUM,32.0,0
2025,1262,9971,55,3,MEDIUM,35.0,0
2025,1262,9971,27,3,SOFT,46.0,0
2025,1262,9971,81,4,SOFT,56.0,3
2025,1262,9971,4,4,SOFT,56.0,3
2025,1262,9971,16,4,SOFT,56.0,3
2025,1262,9971,63,4,SOFT,56.0,0
2025,1262,9971,1,5,HARD,56.0,0
2025,1262,9971,27,4,SOFT,57.0,0
2025,1262,9971,44,4,SOFT,56.0,3
2025,1262,9971,6,4,SOFT,56.0,3
2025,1262,9971,10,4,SOFT,56.0,3
2025,1262,9971,14,4,SOFT,55.0,3
2025,1262,9971,30,3,SOFT,45.0,0
2025,1262,9971,5,3,SOFT,50.0,0
2025,1262,9971,87,4,SOFT,55.0,6
2025,1262,9971,22,5,SOFT,55.0,3
2025,1262,9971,55,4,SOFT,56.0,0
2025,1262,9971,43,4,SOFT,55.0,1
2025,1262,9971,31,3,MEDIUM,44.0,0
2025,1263,9963,1,1,MEDIUM,1.0,3
2025,1263,9963,63,1,MEDIUM,1.0,3
2025,1263,9963,6,1,MEDIUM,1.0,0
2025,1263,9963,12,1,MEDIUM,1.0,6
2025,1263,9963,43,1,MEDIUM,1.0,5
2025,1263,9963,44,1,MEDIUM,1.0,0
2025,1263,9963,14,1,MEDIUM,1.0,4
2025,1263,9963,81,1,MEDIUM,1.0,0
2025,1263,9963,87,1,MEDIUM,1.0,0
2025,1263,9963,27,1,MEDIUM,1.0,0
2025,1263,9963,23,1,MEDIUM,1.0,4
2025,1263,9963,18,1,HARD,1.0,1
2025,1263,9963,16,1,HARD,1.0,0
2025,1263,9963,4,1,HARD,1.0,0
2025,1263,9963,1,2,HARD,12.0,0
2025,1263,9963,12,2,HARD,14.0,1
2025,1263,9963,30,1,HARD,1.0,1
2025,1263,9963,63,2,HARD,13.0,1
2025,1263,9963,81,2,HARD,16.0,0
2025,1263,9963,44,2,HARD,15.0,0
2025,1263,9963,23,2,HARD,23.0,0
2025,1263,9963,4,2,MEDIUM,29.0,0
2025,1263,9963,5,1,HARD,1.0,0
2025,1263,9963,14,2,HARD,15.0,1
2025,1263,9963,18,2,HARD,24.0,1
2025,1263,9963,16,2,HARD,28.0,0
2025,1263,9963,10,1,HARD,1.0,0
2025,1263,9963,30,2,MEDIUM,38.0,0
2025,1263,9963,22,1,HARD,1.0,0
2025,1263,9963,31,1,HARD,1.0,0
2025,1263,9963,55,1,HARD,1.0,0
2025,1263,9963,4,3,HARD,47.0,0
2025,1263,9963,14,3,HARD,50.0,1
2025,1263,9963,63,3,HARD,42.0,0
2025,1263,9963,27,2,HARD,19.0,0
2025,1263,9963,1,3,HARD,37.0,0
2025,1263,9963,12,3,HARD,38.0,0
2025,1263,9963,55,2,MEDIUM,57.0,0
2025,1263,9963,31,2,MEDIUM,57.0,0
2025,1263,9963,81,3,HARD,45.0,0
2025,1263,9963,16,3,MEDIUM,53.0,0
2025,1263,9963,87,2,HARD,18.0,0
2025,1263,9963,22,2,MEDIUM,56.0,0
2025,1263,9963,10,2,MEDIUM,53.0,0
2025,1263,9963,43,2,HARD,14.0,0
2025,1263,9963,5,2,MEDIUM,49.0,0
2025,1263,9963,18,3,MEDIUM,51.0,0
2025,1263,9963,6,2,HARD,13.0,1
2025,1263,9963,44,3,HARD,45.0,0
2025,1263,9963,27,3,HARD,66.0,47
2025,1263,9963,14,4,HARD,66.0,17
2025,1263,9963,1,4,HARD,67.0,0
2025,1263,9963,63,4,HARD,67.0,25
2025,1263,9963,12,4,HARD,67.0,29
2025,1263,9963,81,4,SOFT,67.0,0
2025,1263,9963,55,3,MEDIUM,66.0,9
2025,1263,9963,31,3,MEDIUM,66.0,9
2025,1263,9963,16,4,MEDIUM,67.0,14
2025,1263,9963,22,3,MEDIUM,66.0,10
2025,1263,9963,87,3,SOFT,66.0,0
2025,1263,9963,5,3,MEDIUM,66.0,0
2025,1263,9963,43,3,HARD,66.0,52
2025,1263,9963,10,3,MEDIUM,66.0,13
2025,1263,9963,6,3,SOFT,66.0,3
2025,1263,9963,18,4,SOFT,66.0,0
2025,1263,9963,44,4,HARD,67.0,22
2025,1263,9963,27,4,HARD,67.0,0
2025,1263,9963,14,5,HARD,67.0,18
2025,1263,9963,1,5,HARD,68.0,0
2025,1263,9963,31,4,MEDIUM,67.0,10
2025,1263,9963,55,4,MEDIUM,67.0,10
2025,1263,9963,12,5,HARD,68.0,30
2025,1263,9963,63,5,HARD,68.0,26
2025,1263,9963,16,5,MEDIUM,68.0,15
2025,1263,9963,81,5,SOFT,68.0,0
2025,1263,9963,87,4,SOFT,67.0,1
2025,1263,9963,43,4,HARD,67.0,53
2025,1263,9963,5,4,MEDIUM,67.0,0
2025,1263,9963,22,4,MEDIUM,67.0,0
2025,1263,9963,6,4,SOFT,67.0,0
2025,1263,9963,10,4,MEDIUM,67.0,14
2025,1263,9963,44,5,HARD,68.0,0
2025,1263,9963,18,5,SOFT,67.0,1
2025,1263,9963,27,5,HARD,68.0,0
2025,1263,9963,14,6,HARD,68.0,19
2025,1263,9963,63,6,HARD,69.0,27
2025,1263,9963,1,6,HARD,69.0,32
2025,1263,9963,12,6,HARD,69.0,31
2025,1263,9963,31,5,MEDIUM,68.0,11
2025,1263,9963,55,5,MEDIUM,68.0,0
2025,1263,9963,81,6,SOFT,69.0,5
2025,1263,9963,16,6,MEDIUM,69.0,16
2025,1263,9963,87,5,SOFT,68.0,2
2025,1263,9963,22,5,MEDIUM,68.0,12
2025,1263,9963,43,5,HARD,68.0,54
2025,1263,9963,5,5,MEDIUM,68.0,0
2025,1263,9963,10,5,MEDIUM,68.0,15
2025,1263,9963,6,5,SOFT,68.0,0
2025,1263,9963,18,6,SOFT,68.0,2
2025,1263,9963,44,6,HARD,69.0,24
2025,1263,9963,14,7,HARD,69.0,20
2025,1263,9963,27,6,HARD,69.0,0
2025,1264,9955,12,1,MEDIUM,1.0,0
2025,1264,9955,55,1,MEDIUM,1.0,0
2025,1264,9955,1,1,MEDIUM,1.0,0
2025,1264,9955,6,1,SOFT,1.0,0
2025,1264,9955,87,1,SOFT,1.0,0
2025,1264,9955,10,1,SOFT,1.0,3
2025,1264,9955,27,1,SOFT,1.0,0
2025,1264,9955,23,1,MEDIUM,1.0,0
2025,1264,9955,43,1,SOFT,1.0,0
2025,1264,9955,23,2,MEDIUM,14.0,0
2025,1264,9955,63,1,MEDIUM,1.0,0
2025,1264,9955,22,1,MEDIUM,1.0,0
2025,1264,9955,31,1,MEDIUM,1.0,0
2025,1264,9955,4,1,MEDIUM,1.0,0
2025,1264,9955,5,1,MEDIUM,1.0,0
2025,1264,9955,81,1,MEDIUM,1.0,0
2025,1264,9955,16,1,MEDIUM,1.0,0
2025,1264,9955,44,1,MEDIUM,1.0,0
2025,1264,9955,18,1,MEDIUM,1.0,1
2025,1264,9955,6,2,MEDIUM,3.0,0
2025,1264,9955,22,2,HARD,19.0,0
2025,1264,9955,30,1,MEDIUM,1.0,0
2025,1264,9955,14,1,MEDIUM,1.0,1
2025,1264,9955,10,2,HARD,13.0,0
2025,1264,9955,87,2,HARD,12.0,0
2025,1264,9955,43,2,MEDIUM,14.0,0
2025,1264,9955,27,2,MEDIUM,13.0,0
2025,1264,9955,63,2,MEDIUM,19.0,0
2025,1264,9955,16,2,HARD,26.0,0
2025,1264,9955,5,2,MEDIUM,22.0,0
2025,1264,9955,44,2,HARD,27.0,0
2025,1264,9955,31,2,HARD,20.0,0
2025,1264,9955,4,2,HARD,21.0,0
2025,1264,9955,81,2,HARD,25.0,0
2025,1264,9955,18,2,HARD,27.0,1
2025,1264,9955,22,3,MEDIUM,31.0,0
2025,1264,9955,4,3,MEDIUM,53.0,0
2025,1264,9955,14,2,HARD,34.0,1
2025,1264,9955,5,3,HARD,50.0,0
2025,1264,9955,81,3,MEDIUM,54.0,0
2025,1264,9955,22,4,SOFT,61.0,0
2025,1264,9955,27,3,MEDIUM,43.0,0
2025,1264,9955,31,3,HARD,51.0,0
2025,1264,9955,16,3,MEDIUM,50.0,0
2025,1264,9955,87,3,MEDIUM,40.0,0
2025,1264,9955,6,3,HARD,29.0,0
2025,1264,9955,44,3,MEDIUM,51.0,0
2025,1264,9955,10,3,MEDIUM,39.0,0
2025,1264,9955,18,3,SOFT,54.0,0
2025,1264,9955,43,3,HARD,40.0,0
2025,1264,9955,63,3,HARD,46.0,0
2025,1264,9955,30,2,HARD,33.0,0
2025,1277,9947,30,1,INTERMEDIATE,1.0,0
2025,1277,9947,43,1,HARD,1.0,0
2025,1277,9947,12,1,INTERMEDIATE,1.0,0
2025,1277,9947,5,1,MEDIUM,1.0,0
2025,1277,9947,18,1,INTERMEDIATE,1.0,0
2025,1277,9947,27,1,INTERMEDIATE,1.0,0
2025,1277,9947,12,2,HARD,3.0,0
2025,1277,9947,18,2,SOFT,7.0,0
2025,1277,9947,63,1,HARD,1.0,0
2025,1277,9947,16,1,MEDIUM,1.0,0
2025,1277,9947,6,1,MEDIUM,1.0,0
2025,1277,9947,87,1,HARD,1.0,0
2025,1277,9947,81,1,INTERMEDIATE,1.0,0
2025,1277,9947,4,1,INTERMEDIATE,1.0,0
2025,1277,9947,1,1,INTERMEDIATE,1.0,0
2025,1277,9947,44,1,INTERMEDIATE,1.0,0
2025,1277,9947,10,1,INTERMEDIATE,1.0,0
2025,1277,9947,14,1,INTERMEDIATE,1.0,0
2025,1277,9947,55,1,INTERMEDIATE,1.0,0
2025,1277,9947,22,1,INTERMEDIATE,1.0,0
2025,1277,9947,23,1,INTERMEDIATE,1.0,0
2025,1277,9947,6,2,INTERMEDIATE,11.0,0
2025,1277,9947,31,1,INTERMEDIATE,1.0,0
2025,1277,9947,12,3,INTERMEDIATE,10.0,0
2025,1277,9947,12,4,INTERMEDIATE,21.0,0
2025,1277,9947,14,2,INTERMEDIATE,12.0,0
2025,1277,9947,63,2,INTERMEDIATE,11.0,0
2025,1277,9947,44,2,INTERMEDIATE,12.0,0
2025,1277,9947,18,3,INTERMEDIATE,11.0,0
2025,1277,9947,1,2,INTERMEDIATE,12.0,0
2025,1277,9947,10,2,INTERMEDIATE,12.0,0
2025,1277,9947,55,2,INTERMEDIATE,12.0,0
2025,1277,9947,87,2,INTERMEDIATE,11.0,0
2025,1277,9947,22,2,INTERMEDIATE,12.0,0
2025,1277,9947,27,2,INTERMEDIATE,10.0,0
2025,1277,9947,16,2,INTERMEDIATE,11.0,0
2025,1277,9947,23,2,INTERMEDIATE,13.0,0
2025,1277,9947,31,2,INTERMEDIATE,19.0,0
2025,1277,9947,81,2,INTERMEDIATE,12.0,0
2025,1277,9947,4,2,INTERMEDIATE,12.0,0
2025,1277,9947,4,3,MEDIUM,45.0,0
2025,1277,9947,81,3,MEDIUM,44.0,0
2025,1277,9947,22,3,MEDIUM,42.0,0
2025,1277,9947,27,3,MEDIUM,43.0,0
2025,1277,9947,44,3,SOFT,42.0,3
2025,1277,9947,1,3,MEDIUM,42.0,0
2025,1277,9947,10,3,MEDIUM,42.0,0
2025,1277,9947,18,4,SOFT,42.0,0
2025,1277,9947,23,3,MEDIUM,43.0,0
2025,1277,9947,14,3,MEDIUM,38.0,1
2025,1277,9947,63,3,HARD,39.0,0
2025,1277,9947,87,3,MEDIUM,42.0,0
2025,1277,9947,55,3,MEDIUM,42.0,0
2025,1277,9947,31,3,MEDIUM,43.0,0
2025,1277,9947,16,3,SOFT,43.0,3
2025,1265,9939,44,1,INTERMEDIATE,1.0,0
2025,1265,9939,14,1,INTERMEDIATE,1.0,0
2025,1265,9939,4,1,INTERMEDIATE,1.0,0
2025,1265,9939,55,1,INTERMEDIATE,1.0,0
2025,1265,9939,30,1,INTERMEDIATE,1.0,0
2025,1265,9939,10,1,INTERMEDIATE,1.0,0
2025,1265,9939,81,1,INTERMEDIATE,1.0,0
2025,1265,9939,5,1,INTERMEDIATE,1.0,0
2025,1265,9939,31,1,INTERMEDIATE,1.0,0
2025,1265,9939,6,1,INTERMEDIATE,1.0,0
2025,1265,9939,1,1,INTERMEDIATE,1.0,0
2025,1265,9939,27,1,INTERMEDIATE,1.0,0
2025,1265,9939,16,1,INTERMEDIATE,1.0,0
2025,1265,9939,22,1,INTERMEDIATE,1.0,0
2025,1265,9939,23,1,INTERMEDIATE,1.0,0
2025,1265,9939,63,1,INTERMEDIATE,1.0,0
2025,1265,9939,12,1,INTERMEDIATE,1.0,0
2025,1265,9939,18,1,INTERMEDIATE,1.0,0
2025,1265,9939,43,1,INTERMEDIATE,1.0,0
2025,1265,9939,87,1,INTERMEDIATE,1.0,0
2025,1265,9939,1,2,MEDIUM,2.0,0
2025,1265,9939,87,2,MEDIUM,2.0,0
2025,1265,9939,4,2,HARD,2.0,0
2025,1265,9939,5,2,MEDIUM,2.0,0
2025,1265,9939,6,2,MEDIUM,2.0,0
2025,1265,9939,10,2,MEDIUM,2.0,0
2025,1265,9939,12,2,MEDIUM,2.0,0
2025,1265,9939,14,2,MEDIUM,2.0,0
2025,1265,9939,18,2,MEDIUM,2.0,0
2025,1265,9939,22,2,MEDIUM,2.0,0
2025,1265,9939,23,2,MEDIUM,2.0,0
2025,1265,9939,27,2,MEDIUM,2.0,0
2025,1265,9939,30,2,MEDIUM,2.0,0
2025,1265,9939,31,2,MEDIUM,2.0,0
2025,1265,9939,43,2,MEDIUM,2.0,0
2025,1265,9939,55,2,MEDIUM,2.0,0
2025,1265,9939,63,2,MEDIUM,2.0,0
2025,1265,9939,81,2,MEDIUM,2.0,0
2025,1265,9939,16,2,MEDIUM,2.0,0
2025,1265,9939,44,2,MEDIUM,2.0,0
2025,1265,9939,81,3,MEDIUM,13.0,0
2025,1265,9939,4,3,HARD,14.0,0
2025,1265,9939,6,3,HARD,14.0,3
2025,1265,9939,16,3,MEDIUM,13.0,0
2025,1265,9939,1,3,MEDIUM,13.0,0
2025,1265,9939,63,3,MEDIUM,13.0,0
2025,1265,9939,23,3,MEDIUM,13.0,0
2025,1265,9939,44,3,MEDIUM,12.0,0
2025,1265,9939,30,3,MEDIUM,13.0,0
2025,1265,9939,5,3,MEDIUM,13.0,0
2025,1265,9939,10,3,MEDIUM,12.0,0
2025,1265,9939,87,3,MEDIUM,13.0,0
2025,1265,9939,27,3,MEDIUM,12.0,0
2025,1265,9939,22,3,MEDIUM,14.0,0
2025,1265,9939,18,3,MEDIUM,13.0,0
2025,1265,9939,31,3,MEDIUM,14.0,7
2025,1265,9939,12,3,MEDIUM,13.0,0
2025,1265,9939,14,3,MEDIUM,12.0,0
2025,1265,9939,55,3,HARD,13.0,0
2025,1265,9939,43,3,MEDIUM,13.0,0
2025,1266,9928,27,1,SOFT,1.0,0
2025,1266,9928,43,1,MEDIUM,1.0,0
2025,1266,9928,31,1,MEDIUM,1.0,0
2025,1266,9928,23,1,SOFT,1.0,0
2025,1266,9928,55,1,SOFT,1.0,0
2025,1266,9928,1,1,MEDIUM,1.0,0
2025,1266,9928,81,1,MEDIUM,1.0,0
2025,1266,9928,16,1,MEDIUM,1.0,0
2025,1266,9928,63,1,MEDIUM,1.0,0
2025,1266,9928,22,1,MEDIUM,1.0,0
2025,1266,9928,12,1,MEDIUM,1.0,0
2025,1266,9928,87,1,MEDIUM,1.0,0
2025,1266,9928,4,1,MEDIUM,1.0,0
2025,1266,9928,10,1,HARD,1.0,0
2025,1266,9928,6,1,MEDIUM,1.0,0
2025,1266,9928,43,2,HARD,14.0,0
2025,1266,9928,18,1,MEDIUM,1.0,1
2025,1266,9928,22,2,SOFT,21.0,0
2025,1266,9928,23,2,MEDIUM,15.0,0
2025,1266,9928,14,1,MEDIUM,1.0,1
2025,1266,9928,16,2,HARD,20.0,0
2025,1266,9928,5,1,MEDIUM,1.0,0
2025,1266,9928,30,1,MEDIUM,1.0,0
2025,1266,9928,27,2,MEDIUM,6.0,0
2025,1266,9928,44,1,HARD,1.0,0
2025,1266,9928,63,2,HARD,20.0,0
2025,1266,9928,81,2,HARD,19.0,1
2025,1266,9928,1,2,HARD,18.0,0
2025,1266,9928,87,2,HARD,31.0,0
2025,1266,9928,55,2,HARD,16.0,0
2025,1266,9928,4,2,HARD,32.0,0
2025,1266,9928,81,3,HARD,46.0,0
2025,1266,9928,12,2,HARD,22.0,0
2025,1266,9928,6,2,HARD,34.0,0
2025,1266,9928,44,2,MEDIUM,43.0,0
2025,1266,9928,63,3,HARD,44.0,0
2025,1266,9928,27,3,MEDIUM,42.0,0
2025,1266,9928,55,3,MEDIUM,52.0,0
2025,1266,9928,16,3,HARD,41.0,0
2025,1266,9928,23,3,HARD,39.0,0
2025,1266,9928,31,2,HARD,15.0,0
2025,1266,9928,10,2,MEDIUM,33.0,0
2025,1266,9928,22,3,HARD,38.0,0
2025,1266,9928,43,3,HARD,36.0,0
2025,1266,9928,14,2,HARD,40.0,1
2025,1266,9928,5,2,HARD,41.0,0
2025,1266,9928,18,2,HARD,37.0,1
2025,1266,9928,30,2,HARD,41.0,0
2025,1266,9928,1,3,HARD,49.0,0
2025,1267,9920,43,1,SOFT,1.0,0
2025,1267,9920,14,1,MEDIUM,1.0,0
2025,1267,9920,27,1,SOFT,1.0,0
2025,1267,9920,18,1,MEDIUM,1.0,0
2025,1267,9920,5,1,MEDIUM,1.0,0
2025,1267,9920,30,1,MEDIUM,1.0,0
2025,1267,9920,55,1,MEDIUM,1.0,0
2025,1267,9920,6,1,MEDIUM,1.0,0
2025,1267,9920,12,1,MEDIUM,1.0,0
2025,1267,9920,23,1,MEDIUM,1.0,0
2025,1267,9920,63,1,MEDIUM,1.0,0
2025,1267,9920,10,1,MEDIUM,1.0,0
2025,1267,9920,81,1,MEDIUM,1.0,0
2025,1267,9920,87,1,HARD,1.0,0
2025,1267,9920,4,1,MEDIUM,1.0,0
2025,1267,9920,31,1,HARD,1.0,0
2025,1267,9920,44,1,MEDIUM,1.0,0
2025,1267,9920,16,1,MEDIUM,1.0,0
2025,1267,9920,1,1,SOFT,1.0,0
2025,1267,9920,22,1,SOFT,1.0,0
2025,1267,9920,18,2,HARD,9.0,0
2025,1267,9920,14,2,HARD,19.0,0
2025,1267,9920,43,2,HARD,20.0,0
2025,1267,9920,22,2,HARD,20.0,0
2025,1267,9920,27,2,HARD,20.0,0
2025,1267,9920,16,2,HARD,23.0,1
2025,1267,9920,5,2,HARD,23.0,0
2025,1267,9920,81,2,HARD,24.0,0
2025,1267,9920,4,2,HARD,24.0,0
2025,1267,9920,6,2,HARD,24.0,0
2025,1267,9920,1,2,MEDIUM,24.0,0
2025,1267,9920,63,2,HARD,24.0,0
2025,1267,9920,30,2,HARD,24.0,0
2025,1267,9920,55,2,HARD,24.0,0
2025,1267,9920,12,2,HARD,24.0,0
2025,1267,9920,23,2,HARD,24.0,0
2025,1267,9920,10,2,HARD,24.0,0
2025,1267,9920,30,3,SOFT,28.0,3
2025,1267,9920,55,3,SOFT,28.0,3
2025,1267,9920,14,3,HARD,41.0,0
2025,1267,9920,12,3,SOFT,52.0,0
2025,1267,9920,16,3,SOFT,53.0,3
2025,1267,9920,18,3,HARD,53.0,0
2025,1267,9920,55,4,SOFT,52.0,3
2025,1267,9920,31,2,MEDIUM,53.0,0
2025,1267,9920,81,3,HARD,54.0,0
2025,1267,9920,4,3,HARD,54.0,1
2025,1267,9920,1,3,SOFT,54.0,0
2025,1267,9920,6,3,SOFT,54.0,2
2025,1267,9920,23,3,SOFT,54.0,0
2025,1267,9920,63,3,SOFT,54.0,3
2025,1267,9920,30,4,SOFT,53.0,3
2025,1267,9920,12,4,SOFT,54.0,0
2025,1267,9920,22,3,SOFT,54.0,3
2025,1267,9920,87,2,MEDIUM,54.0,0
2025,1267,9920,43,3,MEDIUM,54.0,0
2025,1267,9920,27,3,MEDIUM,54.0,0
2025,1267,9920,5,3,SOFT,61.0,0
2025,1267,9920,43,4,SOFT,66.0,0
2025,1267,9920,55,5,SOFT,66.0,3
2025,1268,9912,27,1,MEDIUM,1.0,0
2025,1268,9912,30,1,SOFT,1.0,0
2025,1268,9912,87,1,MEDIUM,1.0,0
2025,1268,9912,22,1,MEDIUM,1.0,0
2025,1268,9912,5,1,MEDIUM,1.0,0
2025,1268,9912,14,1,MEDIUM,1.0,1
2025,1268,9912,14,2,HARD,21.0,1
2025,1268,9912,63,1,MEDIUM,1.0,0
2025,1268,9912,12,1,MEDIUM,1.0,0
2025,1268,9912,55,1,MEDIUM,1.0,0
2025,1268,9912,6,1,HARD,1.0,1
2025,1268,9912,16,1,MEDIUM,1.0,0
2025,1268,9912,43,1,MEDIUM,1.0,0
2025,1268,9912,1,1,MEDIUM,1.0,0
2025,1268,9912,44,1,MEDIUM,1.0,0
2025,1268,9912,23,1,HARD,1.0,0
2025,1268,9912,81,1,MEDIUM,1.0,0
2025,1268,9912,4,1,MEDIUM,1.0,0
2025,1268,9912,18,1,HARD,1.0,1
2025,1268,9912,10,1,HARD,1.0,0
2025,1268,9912,31,1,HARD,1.0,0
2025,1268,9912,1,2,HARD,38.0,0
2025,1268,9912,31,2,SOFT,52.0,0
2025,1268,9912,10,2,SOFT,50.0,0
2025,1268,9912,43,2,HARD,34.0,0
2025,1268,9912,18,2,SOFT,50.0,0
2025,1268,9912,4,2,SOFT,47.0,2
2025,1268,9912,81,2,SOFT,46.0,3
2025,1268,9912,16,2,HARD,34.0,0
2025,1268,9912,63,2,HARD,28.0,0
2025,1268,9912,44,2,HARD,39.0,0
2025,1268,9912,23,2,MEDIUM,42.0,0
2025,1268,9912,12,2,HARD,29.0,0
2025,1268,9912,5,2,HARD,21.0,0
2025,1268,9912,6,2,MEDIUM,33.0,0
2025,1268,9912,55,2,HARD,31.0,0
2025,1268,9912,87,2,HARD,19.0,0
2025,1268,9912,22,2,HARD,20.0,0
2025,1268,9912,30,2,HARD,10.0,0
2025,1269,9904,31,1,HARD,1.0,0
2025,1269,9904,23,1,MEDIUM,1.0,0
2025,1269,9904,31,2,MEDIUM,2.0,0
2025,1269,9904,23,2,MEDIUM,2.0,0
2025,1269,9904,43,1,MEDIUM,1.0,0
2025,1269,9904,12,1,MEDIUM,1.0,5
2025,1269,9904,16,1,MEDIUM,1.0,3
2025,1269,9904,30,1,MEDIUM,1.0,6
2025,1269,9904,14,1,MEDIUM,1.0,3
2025,1269,9904,81,1,MEDIUM,1.0,0
2025,1269,9904,5,1,HARD,1.0,0
2025,1269,9904,55,1,MEDIUM,1.0,5
2025,1269,9904,87,1,HARD,1.0,0
2025,1269,9904,6,1,MEDIUM,1.0,4
2025,1269,9904,10,1,HARD,1.0,0
2025,1269,9904,44,1,HARD,1.0,0
2025,1269,9904,27,1,HARD,1.0,0
2025,1269,9904,4,1,MEDIUM,1.0,0
2025,1269,9904,18,1,MEDIUM,1.0,3
2025,1269,9904,22,1,HARD,1.0,0
2025,1269,9904,63,1,HARD,1.0,0
2025,1269,9904,1,1,HARD,1.0,0
2025,1269,9904,1,2,MEDIUM,41.0,4
2025,1269,9904,10,2,MEDIUM,36.0,0
2025,1269,9904,43,2,HARD,17.0,0
2025,1269,9904,63,2,MEDIUM,40.0,6
2025,1269,9904,55,2,HARD,28.0,0
2025,1269,9904,12,2,HARD,19.0,0
2025,1269,9904,30,2,HARD,21.0,1
2025,1269,9904,22,2,MEDIUM,39.0,6
2025,1269,9904,4,2,HARD,38.0,0
2025,1269,9904,44,2,MEDIUM,37.0,0
2025,1269,9904,16,2,HARD,20.0,0
2025,1269,9904,6,2,HARD,30.0,1
2025,1269,9904,23,3,HARD,16.0,0
2025,1269,9904,5,2,MEDIUM,27.0,0
2025,1269,9904,87,2,MEDIUM,29.0,0
2025,1269,9904,31,3,HARD,3.0,1
2025,1269,9904,14,2,HARD,22.0,0
2025,1269,9904,27,2,MEDIUM,37.0,0
2025,1269,9904,18,2,HARD,38.0,0
2025,1270,9896,5,1,MEDIUM,1.0,0
2025,1270,9896,22,1,SOFT,1.0,0
2025,1270,9896,43,1,SOFT,1.0,0
2025,1270,9896,1,1,SOFT,1.0,3
2025,1270,9896,6,1,SOFT,1.0,2
2025,1270,9896,16,1,MEDIUM,1.0,0
2025,1270,9896,87,1,MEDIUM,1.0,0
2025,1270,9896,44,1,MEDIUM,1.0,0
2025,1270,9896,10,1,MEDIUM,1.0,0
2025,1270,9896,63,1,MEDIUM,1.0,0
2025,1270,9896,12,1,MEDIUM,1.0,0
2025,1270,9896,27,1,MEDIUM,1.0,0
2025,1270,9896,4,1,MEDIUM,1.0,0
2025,1270,9896,81,1,MEDIUM,1.0,0
2025,1270,9896,14,1,SOFT,1.0,3
2025,1270,9896,31,1,MEDIUM,1.0,0
2025,1270,9896,18,1,SOFT,1.0,0
2025,1270,9896,23,1,MEDIUM,1.0,0
2025,1270,9896,27,2,HARD,26.0,0
2025,1270,9896,44,2,HARD,25.0,0
2025,1270,9896,30,1,MEDIUM,1.0,0
2025,1270,9896,55,1,MEDIUM,1.0,0
2025,1270,9896,10,2,HARD,25.0,0
2025,1270,9896,63,2,HARD,26.0,0
2025,1270,9896,1,2,HARD,20.0,0
2025,1270,9896,4,2,HARD,27.0,0
2025,1270,9896,81,2,HARD,28.0,0
2025,1270,9896,55,2,SOFT,51.0,0
2025,1270,9896,6,2,HARD,21.0,0
2025,1270,9896,22,2,HARD,14.0,0
2025,1270,9896,18,2,MEDIUM,39.0,1
2025,1270,9896,23,2,SOFT,43.0,0
2025,1270,9896,30,2,SOFT,49.0,0
2025,1270,9896,12,2,HARD,26.0,0
2025,1270,9896,43,2,MEDIUM,15.0,0
2025,1270,9896,16,2,HARD,22.0,0
2025,1270,9896,5,2,HARD,14.0,0
2025,1270,9896,31,2,HARD,31.0,0
2025,1270,9896,10,3,SOFT,52.0,0
2025,1270,9896,27,3,SOFT,45.0,0
2025,1270,9896,44,3,SOFT,47.0,3
2025,1270,9896,14,2,MEDIUM,28.0,1
2025,1270,9896,87,2,HARD,24.0,0
2025,1271,9888,55,1,MEDIUM,1.0,0
2025,1271,9888,23,1,HARD,1.0,0
2025,1271,9888,5,1,SOFT,1.0,0
2025,1271,9888,16,1,SOFT,1.0,3
2025,1271,9888,31,1,HARD,1.0,0
2025,1271,9888,10,1,MEDIUM,1.0,0
2025,1271,9888,18,1,SOFT,1.0,0
2025,1271,9888,6,1,HARD,1.0,0
2025,1271,9888,22,1,MEDIUM,1.0,0
2025,1271,9888,81,1,MEDIUM,1.0,0
2025,1271,9888,87,1,MEDIUM,1.0,0
2025,1271,9888,14,1,MEDIUM,1.0,1
2025,1271,9888,30,1,MEDIUM,1.0,0
2025,1271,9888,44,1,MEDIUM,1.0,0
2025,1271,9888,12,1,MEDIUM,1.0,0
2025,1271,9888,4,1,MEDIUM,1.0,0
2025,1271,9888,43,1,MEDIUM,1.0,0
2025,1271,9888,1,1,MEDIUM,1.0,0
2025,1271,9888,63,1,MEDIUM,1.0,0
2025,1271,9888,27,1,MEDIUM,1.0,0
2025,1271,9888,23,2,MEDIUM,8.0,0
2025,1271,9888,5,2,MEDIUM,15.0,0
2025,1271,9888,1,2,SOFT,34.0,2
2025,1271,9888,43,2,SOFT,33.0,2
2025,1271,9888,5,3,SOFT,37.0,0
2025,1271,9888,10,2,SOFT,28.0,2
2025,1271,9888,4,2,SOFT,33.0,6
2025,1271,9888,16,2,MEDIUM,23.0,0
2025,1271,9888,44,2,SOFT,32.0,2
2025,1271,9888,81,2,SOFT,31.0,3
2025,1271,9888,63,2,SOFT,34.0,3
2025,1271,9888,22,2,SOFT,30.0,0
2025,1271,9888,27,2,SOFT,34.0,0
2025,1271,9888,87,2,SOFT,31.0,3
2025,1271,9888,14,2,SOFT,31.0,3
2025,1271,9888,30,2,SOFT,31.0,0
2025,1271,9888,18,2,MEDIUM,29.0,1
2025,1271,9888,12,2,SOFT,32.0,3
2025,1271,9888,23,3,SOFT,37.0,0
2025,1271,9888,31,2,MEDIUM,25.0,0
2025,1271,9888,6,2,SOFT,29.0,0
2025,1272,9877,30,1,SOFT,1.0,0
2025,1272,9877,30,2,HARD,3.0,0
2025,1272,9877,55,1,MEDIUM,1.0,0
2025,1272,9877,14,1,SOFT,1.0,0
2025,1272,9877,12,1,SOFT,1.0,3
2025,1272,9877,44,1,SOFT,1.0,3
2025,1272,9877,87,1,SOFT,1.0,3
2025,1272,9877,81,1,SOFT,1.0,3
2025,1272,9877,63,1,SOFT,1.0,3
2025,1272,9877,27,1,SOFT,1.0,0
2025,1272,9877,18,1,SOFT,1.0,0
2025,1272,9877,31,1,SOFT,1.0,0
2025,1272,9877,16,1,SOFT,1.0,0
2025,1272,9877,10,1,MEDIUM,1.0,0
2025,1272,9877,4,1,SOFT,1.0,0
2025,1272,9877,6,1,MEDIUM,1.0,0
2025,1272,9877,14,2,MEDIUM,21.0,1
2025,1272,9877,22,1,MEDIUM,1.0,0
2025,1272,9877,1,1,MEDIUM,1.0,0
2025,1272,9877,5,1,MEDIUM,1.0,0
2025,1272,9877,23,1,HARD,1.0,0
2025,1272,9877,18,2,MEDIUM,27.0,1
2025,1272,9877,55,2,SOFT,18.0,0
2025,1272,9877,12,2,MEDIUM,23.0,0
2025,1272,9877,81,2,MEDIUM,25.0,0
2025,1272,9877,44,2,MEDIUM,24.0,0
2025,1272,9877,87,2,MEDIUM,25.0,0
2025,1272,9877,63,2,MEDIUM,26.0,0
2025,1272,9877,43,1,HARD,1.0,0
2025,1272,9877,55,3,SOFT,47.0,3
2025,1272,9877,55,4,SOFT,57.0,13
2025,1272,9877,4,2,MEDIUM,35.0,0
2025,1272,9877,23,2,SOFT,42.0,0
2025,1272,9877,6,2,SOFT,35.0,3
2025,1272,9877,18,3,SOFT,44.0,1
2025,1272,9877,16,2,MEDIUM,32.0,0
2025,1272,9877,1,2,SOFT,38.0,3
2025,1272,9877,87,3,SOFT,49.0,3
2025,1272,9877,81,3,SOFT,48.0,3
2025,1272,9877,10,2,SOFT,34.0,0
2025,1272,9877,43,2,SOFT,49.0,0
2025,1272,9877,12,3,SOFT,48.0,3
2025,1272,9877,63,3,SOFT,49.0,3
2025,1272,9877,44,3,SOFT,48.0,3
2025,1272,9877,31,2,MEDIUM,28.0,0
2025,1272,9877,5,2,SOFT,38.0,0
2025,1272,9877,22,2,SOFT,37.0,0
2025,1273,9869,63,1,MEDIUM,1.0,4
2025,1273,9869,22,1,HARD,1.0,0
2025,1273,9869,55,1,SOFT,1.0,0
2025,1273,9869,10,1,SOFT,1.0,3
2025,1273,9869,1,1,HARD,1.0,0
2025,1273,9869,43,1,MEDIUM,1.0,0
2025,1273,9869,12,1,SOFT,1.0,3
2025,1273,9869,27,1,MEDIUM,1.0,0
2025,1273,9869,31,1,HARD,1.0,0
2025,1273,9869,16,1,MEDIUM,1.0,0
2025,1273,9869,87,1,SOFT,1.0,2
2025,1273,9869,18,1,HARD,1.0,0
2025,1273,9869,4,1,MEDIUM,1.0,0
2025,1273,9869,44,1,SOFT,1.0,0
2025,1273,9869,6,1,SOFT,1.0,3
2025,1273,9869,30,1,SOFT,1.0,3
2025,1273,9869,81,1,MEDIUM,1.0,0
2025,1273,9869,23,1,MEDIUM,1.0,6
2025,1273,9869,14,1,HARD,1.0,0
2025,1273,9869,5,1,SOFT,1.0,0
2025,1273,9869,22,2,MEDIUM,3.0,0
2025,1273,9869,44,2,HARD,3.0,0
2025,1273,9869,1,2,MEDIUM,8.0,0
2025,1273,9869,31,2,MEDIUM,9.0,0
2025,1273,9869,44,3,MEDIUM,15.0,0
2025,1273,9869,87,2,MEDIUM,18.0,0
2025,1273,9869,55,2,MEDIUM,18.0,0
2025,1273,9869,6,2,MEDIUM,19.0,6
2025,1273,9869,10,2,MEDIUM,19.0,0
2025,1273,9869,30,2,MEDIUM,20.0,0
2025,1273,9869,12,2,MEDIUM,22.0,0
2025,1273,9869,22,3,MEDIUM,25.0,0
2025,1273,9869,14,2,MEDIUM,29.0,6
2025,1273,9869,18,2,MEDIUM,30.0,0
2025,1273,9869,43,2,SOFT,30.0,0
2025,1273,9869,4,2,SOFT,31.0,3
2025,1273,9869,44,4,MEDIUM,33.0,0
2025,1273,9869,63,2,SOFT,35.0,1
2025,1273,9869,1,3,MEDIUM,35.0,0
2025,1273,9869,23,2,SOFT,36.0,2
2025,1273,9869,27,2,SOFT,37.0,0
2025,1273,9869,6,3,MEDIUM,38.0,0
2025,1273,9869,81,2,SOFT,39.0,2
2025,1273,9869,55,3,MEDIUM,39.0,0
2025,1273,9869,10,3,MEDIUM,40.0,6
2025,1273,9869,87,3,MEDIUM,43.0,0
2025,1273,9869,43,3,MEDIUM,44.0,0
2025,1273,9869,14,3,MEDIUM,47.0,0
2025,1273,9869,12,3,MEDIUM,48.0,5
2025,1273,9869,31,3,MEDIUM,48.0,0
2025,1273,9869,22,4,MEDIUM,48.0,0
2025,1273,9869,63,3,MEDIUM,49.0,3
2025,1273,9869,4,3,MEDIUM,51.0,9
2025,1273,9869,81,3,MEDIUM,52.0,0
2025,1273,9869,1,4,SOFT,55.0,0
2025,1273,9869,18,3,MEDIUM,55.0,0
2025,1273,9869,23,3,MEDIUM,56.0,0
2025,1274,9858,5,1,HARD,1.0,0
2025,1274,9858,31,1,MEDIUM,1.0,0
2025,1274,9858,6,1,MEDIUM,1.0,0
2025,1274,9858,12,1,SOFT,1.0,0
2025,1274,9858,1,1,MEDIUM,1.0,0
2025,1274,9858,27,1,HARD,1.0,0
2025,1274,9858,22,1,MEDIUM,1.0,0
2025,1274,9858,23,1,HARD,1.0,0
2025,1274,9858,30,1,MEDIUM,1.0,0
2025,1274,9858,43,1,HARD,1.0,0
2025,1274,9858,63,1,MEDIUM,1.0,0
2025,1274,9858,18,1,MEDIUM,1.0,0
2025,1274,9858,4,1,MEDIUM,1.0,0
2025,1274,9858,44,1,HARD,1.0,0
2025,1274,9858,14,1,MEDIUM,1.0,0
2025,1274,9858,55,1,MEDIUM,1.0,0
2025,1274,9858,10,1,MEDIUM,1.0,0
2025,1274,9858,16,1,MEDIUM,1.0,0
2025,1274,9858,81,1,MEDIUM,1.0,0
2025,1274,9858,87,1,MEDIUM,1.0,0
2025,1274,9858,22,2,HARD,2.0,0
2025,1274,9858,5,2,MEDIUM,2.0,0
2025,1274,9858,12,2,HARD,3.0,0
2025,1274,9858,10,2,HARD,3.0,0
2025,1274,9858,30,2,HARD,3.0,0
2025,1274,9858,23,2,MEDIUM,14.0,0
2025,1274,9858,23,3,HARD,15.0,0
2025,1274,9858,14,2,HARD,17.0,0
2025,1274,9858,63,2,HARD,18.0,0
2025,1274,9858,63,3,HARD,19.0,0
2025,1274,9858,87,2,HARD,18.0,0
2025,1274,9858,6,2,HARD,21.0,0
2025,1274,9858,81,2,HARD,22.0,0
2025,1274,9858,4,2,HARD,23.0,0
2025,1274,9858,55,2,HARD,23.0,0
2025,1274,9858,16,2,HARD,25.0,0
2025,1274,9858,1,2,HARD,26.0,0
2025,1274,9858,43,2,MEDIUM,26.0,0
2025,1274,9858,31,2,HARD,28.0,0
2025,1274,9858,22,3,MEDIUM,28.0,0
2025,1274,9858,30,3,HARD,29.0,0
2025,1274,9858,44,2,MEDIUM,30.0,0
2025,1274,9858,27,2,MEDIUM,31.0,0
2025,1274,9858,23,4,MEDIUM,35.0,1
2025,1275,9850,5,1,MEDIUM,1.0,0
2025,1275,9850,31,1,MEDIUM,1.0,0
2025,1275,9850,6,1,MEDIUM,1.0,0
2025,1275,9850,1,1,MEDIUM,1.0,0
2025,1275,9850,16,1,MEDIUM,1.0,0
2025,1275,9850,87,1,MEDIUM,1.0,0
2025,1275,9850,22,1,MEDIUM,1.0,0
2025,1275,9850,12,1,MEDIUM,1.0,0
2025,1275,9850,63,1,MEDIUM,1.0,0
2025,1275,9850,43,1,HARD,1.0,0
2025,1275,9850,18,1,MEDIUM,1.0,0
2025,1275,9850,27,1,SOFT,1.0,0
2025,1275,9850,23,1,HARD,1.0,0
2025,1275,9850,14,1,MEDIUM,1.0,0
2025,1275,9850,4,1,MEDIUM,1.0,0
2025,1275,9850,44,1,SOFT,1.0,0
2025,1275,9850,10,1,MEDIUM,1.0,0
2025,1275,9850,55,1,MEDIUM,1.0,0
2025,1275,9850,30,1,MEDIUM,1.0,0
2025,1275,9850,81,1,MEDIUM,1.0,0
2025,1275,9850,1,2,MEDIUM,8.0,0
2025,1275,9850,12,2,MEDIUM,8.0,0
2025,1275,9850,55,2,MEDIUM,8.0,0
2025,1275,9850,14,2,MEDIUM,8.0,0
2025,1275,9850,63,2,MEDIUM,8.0,0
2025,1275,9850,6,2,MEDIUM,8.0,0
2025,1275,9850,16,2,MEDIUM,8.0,0
2025,1275,9850,30,2,MEDIUM,8.0,0
2025,1275,9850,87,2,MEDIUM,8.0,0
2025,1275,9850,23,2,MEDIUM,8.0,0
2025,1275,9850,5,2,MEDIUM,8.0,0
2025,1275,9850,18,2,MEDIUM,8.0,0
2025,1275,9850,22,2,MEDIUM,8.0,0
2025,1275,9850,44,2,MEDIUM,8.0,0
2025,1275,9850,43,2,MEDIUM,8.0,0
2025,1275,9850,10,2,HARD,8.0,0
2025,1275,9850,31,2,HARD,9.0,0
2025,1275,9850,31,3,MEDIUM,10.0,0
2025,1275,9850,81,2,MEDIUM,25.0,0
2025,1275,9850,18,3,MEDIUM,25.0,0
2025,1275,9850,4,2,MEDIUM,26.0,0
2025,1275,9850,1,3,HARD,33.0,0
2025,1275,9850,55,3,HARD,33.0,0
2025,1275,9850,12,3,HARD,33.0,0
2025,1275,9850,6,3,HARD,33.0,0
2025,1275,9850,14,3,HARD,33.0,0
2025,1275,9850,63,3,HARD,33.0,0
2025,1275,9850,16,3,HARD,33.0,0
2025,1275,9850,22,3,HARD,33.0,0
2025,1275,9850,30,3,HARD,33.0,0
2025,1275,9850,5,3,SOFT,33.0,0
2025,1275,9850,44,3,MEDIUM,33.0,0
2025,1275,9850,23,3,MEDIUM,33.0,0
2025,1275,9850,43,3,MEDIUM,33.0,0
2025,1275,9850,10,3,MEDIUM,33.0,0
2025,1275,9850,87,3,HARD,33.0,0
2025,1275,9850,31,4,HARD,35.0,1
2025,1275,9850,87,4,HARD,41.0,8
2025,1275,9850,81,3,HARD,43.0,0
2025,1275,9850,4,3,HARD,45.0,0
2025,1275,9850,18,4,SOFT,50.0,0
2025,1276,9839,55,1,MEDIUM,1.0,0
2025,1276,9839,10,1,MEDIUM,1.0,0
2025,1276,9839,43,1,MEDIUM,1.0,0
2025,1276,9839,12,1,HARD,1.0,0
2025,1276,9839,63,1,MEDIUM,1.0,0
2025,1276,9839,44,1,SOFT,1.0,0
2025,1276,9839,6,1,MEDIUM,1.0,0
2025,1276,9839,1,1,MEDIUM,1.0,0
2025,1276,9839,81,1,HARD,1.0,0
2025,1276,9839,23,1,SOFT,1.0,0
2025,1276,9839,5,1,MEDIUM,1.0,0
2025,1276,9839,30,1,MEDIUM,1.0,0
2025,1276,9839,27,1,SOFT,1.0,0
2025,1276,9839,14,1,MEDIUM,1.0,1
2025,1276,9839,16,1,MEDIUM,1.0,0
2025,1276,9839,31,1,MEDIUM,1.0,0
2025,1276,9839,87,1,MEDIUM,1.0,0
2025,1276,9839,18,1,HARD,1.0,1
2025,1276,9839,22,1,HARD,1.0,0
2025,1276,9839,4,1,MEDIUM,1.0,0
2025,1276,9839,27,2,HARD,8.0,0
2025,1276,9839,44,2,HARD,9.0,0
2025,1276,9839,23,2,HARD,9.0,0
2025,1276,9839,10,2,HARD,14.0,0
2025,1276,9839,63,2,HARD,15.0,0
2025,1276,9839,6,2,HARD,15.0,0
2025,1276,9839,87,2,HARD,15.0,0
2025,1276,9839,5,2,HARD,16.0,0
2025,1276,9839,43,2,HARD,16.0,0
2025,1276,9839,4,2,HARD,17.0,0
2025,1276,9839,16,2,HARD,17.0,0
2025,1276,9839,14,2,HARD,17.0,1
2025,1276,9839,55,2,HARD,19.0,0
2025,1276,9839,31,2,HARD,20.0,0
2025,1276,9839,30,2,HARD,22.0,0
2025,1276,9839,1,2,HARD,24.0,0
2025,1276,9839,44,3,MEDIUM,32.0,0
2025,1276,9839,22,2,MEDIUM,33.0,0
2025,1276,9839,12,2,MEDIUM,33.0,0
2025,1276,9839,23,3,MEDIUM,34.0,0
2025,1276,9839,16,3,MEDIUM,40.0,3
2025,1276,9839,4,3,HARD,41.0,0
2025,1276,9839,10,3,MEDIUM,41.0,3
2025,1276,9839,43,3,MEDIUM,41.0,0
2025,1276,9839,81,2,MEDIUM,42.0,0
2025,1276,9839,18,2,MEDIUM,43.0,0
2025,1276,9839,27,3,MEDIUM,43.0,0
2026,1279,11234,27,1,HARD,1.0,0
2026,1279,11234,43,1,HARD,1.0,0
2026,1279,11234,6,1,MEDIUM,1.0,0
2026,1279,11234,1,1,MEDIUM,1.0,0
2026,1279,11234,31,1,,1.0,2
2026,1279,11234,10,1,,1.0,2
2026,1279,11234,55,1,SOFT,1.0,0
2026,1279,11234,30,1,,1.0,2
2026,1279,11234,14,1,SOFT,1.0,0
2026,1279,11234,18,1,MEDIUM,1.0,0
2026,1279,11234,63,1,,1.0,2
2026,1279,11234,12,1,MEDIUM,1.0,0
2026,1279,11234,23,1,,1.0,2
2026,1279,11234,77,1,HARD,1.0,0
2026,1279,11234,77,2,HARD,12.0,12
2026,1279,11234,41,1,MEDIUM,1.0,0
2026,1279,11234,87,1,MEDIUM,1.0,0
2026,1279,11234,3,1,HARD,1.0,0
2026,1279,11234,5,1,MEDIUM,1.0,0
2026,1279,11234,11,1,,1.0,2
2026,1279,11234,14,2,SOFT,11.0,0
2026,1279,11234,16,1,MEDIUM,1.0,0
2026,1279,11234,18,2,HARD,11.0,0
2026,1279,11234,44,1,MEDIUM,1.0,0
2026,1279,11234,14,3,SOFT,13.0,2
2026,1279,11234,5,2,HARD,18.0,0
2026,1279,11234,23,2,HARD,12.0,0
2026,1279,11234,30,2,HARD,11.0,0
2026,1279,11234,55,2,HARD,11.0,0
2026,1279,11234,1,2,HARD,11.0,0
2026,1279,11234,3,2,MEDIUM,18.0,0
2026,1279,11234,11,2,HARD,18.0,0
2026,1279,11234,55,3,MEDIUM,33.0,0
2026,1279,11234,43,2,HARD,9.0,9
2026,1279,11234,18,3,SOFT,26.0,0
2026,1279,11234,18,4,SOFT,34.0,0
2026,1279,11234,63,2,HARD,12.0,0
2026,1279,11234,12,2,HARD,12.0,0
2026,1279,11234,87,2,HARD,18.0,0
2026,1279,11234,11,3,SOFT,43.0,0
2026,1279,11234,43,3,SOFT,46.0,0
2026,1279,11234,41,2,HARD,18.0,0
2026,1279,11234,5,3,HARD,33.0,0
2026,1279,11234,16,2,HARD,25.0,0
2026,1279,11234,44,2,HARD,28.0,0
2026,1279,11234,10,2,HARD,11.0,0
2026,1279,11234,31,2,HARD,11.0,0
2026,1279,11234,55,4,SOFT,45.0,0
2026,1279,11234,1,3,MEDIUM,34.0,0
2026,1279,11234,3,3,HARD,41.0,0
2026,1279,11234,23,3,SOFT,33.0,0
2026,1279,11234,30,3,SOFT,33.0,0
2026,1279,11234,18,5,SOFT,39.0,0
2026,1280,11245,6,1,SOFT,1.0,3
2026,1280,11245,3,1,SOFT,1.0,3
2026,1280,11245,55,1,MEDIUM,1.0,0
2026,1280,11245,11,1,MEDIUM,1.0,0
2026,1280,11245,77,1,MEDIUM,1.0,0
2026,1280,11245,81,1,MEDIUM,1.0,0
2026,1280,11245,23,1,HARD,1.0,0
2026,1280,11245,14,1,HARD,1.0,0
2026,1280,11245,41,1,HARD,1.0,0
2026,1280,11245,12,1,MEDIUM,1.0,0
2026,1280,11245,63,1,MEDIUM,1.0,0
2026,1280,11245,87,1,MEDIUM,1.0,0
2026,1280,11245,18,1,HARD,1.0,0
2026,1280,11245,31,1,HARD,1.0,0
2026,1280,11245,30,1,MEDIUM,1.0,0
2026,1280,11245,10,1,MEDIUM,1.0,0
2026,1280,11245,1,1,HARD,1.0,0
2026,1280,11245,43,1,HARD,1.0,0
2026,1280,11245,5,1,HARD,1.0,0
2026,1280,11245,16,1,MEDIUM,1.0,0
2026,1280,11245,27,1,HARD,1.0,0
2026,1280,11245,44,1,MEDIUM,1.0,0
2026,1280,11245,6,2,HARD,2.0,0
2026,1280,11245,30,2,HARD,10.0,0
2026,1280,11245,55,2,HARD,10.0,0
2026,1280,11245,3,2,HARD,10.0,0
2026,1280,11245,12,2,HARD,11.0,0
2026,1280,11245,44,2,HARD,11.0,0
2026,1280,11245,63,2,HARD,11.0,0
2026,1280,11245,16,2,HARD,11.0,0
2026,1280,11245,10,2,HARD,11.0,0
2026,1280,11245,87,2,HARD,11.0,0
2026,1280,11245,77,2,HARD,11.0,0
2026,1280,11245,6,3,HARD,11.0,0
2026,1280,11245,11,2,HARD,12.0,0
2026,1280,11245,31,2,MEDIUM,30.0,0
2026,1280,11245,14,2,MEDIUM,32.0,0
2026,1280,11245,43,2,MEDIUM,33.0,0
2026,1280,11245,27,2,MEDIUM,36.0,0
2026,1280,11245,41,2,MEDIUM,43.0,0
2026,1280,11245,31,3,SOFT,47.0,0
2026,1281,11253,1,1,MEDIUM,1.0,0
2026,1281,11253,87,1,MEDIUM,1.0,0
2026,1281,11253,16,1,MEDIUM,1.0,0
2026,1281,11253,43,1,MEDIUM,1.0,0
2026,1281,11253,81,1,MEDIUM,1.0,0
2026,1281,11253,41,1,MEDIUM,1.0,0
2026,1281,11253,31,1,MEDIUM,1.0,0
2026,1281,11253,6,1,MEDIUM,1.0,0
2026,1281,11253,77,1,HARD,1.0,0
2026,1281,11253,87,2,HARD,17.0,0
2026,1281,11253,63,1,MEDIUM,1.0,0
2026,1281,11253,11,1,MEDIUM,1.0,0
2026,1281,11253,18,1,MEDIUM,1.0,0
2026,1281,11253,14,1,MEDIUM,1.0,0
2026,1281,11253,12,1,MEDIUM,1.0,0
2026,1281,11253,44,1,MEDIUM,1.0,0
2026,1281,11253,10,1,MEDIUM,1.0,0
2026,1281,11253,3,1,MEDIUM,1.0,0
2026,1281,11253,30,1,MEDIUM,1.0,0
2026,1281,11253,5,1,MEDIUM,1.0,0
2026,1281,11253,55,1,MEDIUM,1.0,0
2026,1281,11253,23,1,MEDIUM,1.0,0
2026,1281,11253,27,1,MEDIUM,1.0,0
2026,1281,11253,14,2,HARD,22.0,0
2026,1281,11253,18,2,HARD,22.0,0
2026,1281,11253,18,3,MEDIUM,25.0,0
2026,1281,11253,23,2,HARD,23.0,0
2026,1281,11253,23,3,SOFT,46.0,0
2026,1281,11253,23,4,SOFT,47.0,1
2026,1281,11253,23,5,SOFT,48.0,2
2026,1281,11253,23,6,SOFT,49.0,3
2026,1281,11253,12,2,HARD,23.0,0
2026,1281,11253,23,7,MEDIUM,50.0,0
2026,1281,11253,81,2,HARD,19.0,0
2026,1281,11253,16,2,HARD,18.0,0
2026,1281,11253,63,2,HARD,22.0,0
2026,1281,11253,1,2,HARD,17.0,0
2026,1281,11253,44,2,HARD,23.0,0
2026,1281,11253,14,3,MEDIUM,24.0,0
2026,1281,11253,10,2,HARD,23.0,0
2026,1281,11253,3,2,HARD,23.0,0
2026,1281,11253,77,2,MEDIUM,20.0,0
2026,1281,11253,30,2,HARD,23.0,0
2026,1281,11253,31,2,HARD,20.0,0
2026,1281,11253,27,2,HARD,24.0,0
2026,1281,11253,6,2,HARD,20.0,0
2026,1281,11253,5,2,HARD,23.0,0
2026,1281,11253,41,2,HARD,19.0,0
2026,1281,11253,55,2,HARD,23.0,0
2026,1281,11253,43,2,HARD,18.0,0
2026,1281,11253,11,2,HARD,22.0,0
2026,1284,11280,16,1,MEDIUM,1.0,0
2026,1284,11280,3,1,MEDIUM,1.0,0
2026,1284,11280,55,1,MEDIUM,1.0,0
2026,1284,11280,44,1,MEDIUM,1.0,0
2026,1284,11280,30,1,MEDIUM,1.0,0
2026,1284,11280,41,1,MEDIUM,1.0,0
2026,1284,11280,63,1,MEDIUM,1.0,0
2026,1284,11280,12,1,MEDIUM,1.0,0
2026,1284,11280,23,1,MEDIUM,1.0,3
2026,1284,11280,14,1,MEDIUM,1.0,0
2026,1284,11280,5,1,MEDIUM,1.0,0
2026,1284,11280,27,1,MEDIUM,1.0,0
2026,1284,11280,87,1,MEDIUM,1.0,0
2026,1284,11280,11,1,MEDIUM,1.0,0
2026,1284,11280,18,1,MEDIUM,1.0,0
2026,1284,11280,31,1,MEDIUM,1.0,0
2026,1284,11280,43,1,MEDIUM,1.0,0
2026,1284,11280,1,1,MEDIUM,1.0,0
2026,1284,11280,6,1,HARD,1.0,0
2026,1284,11280,77,1,MEDIUM,1.0,0
2026,1284,11280,10,1,MEDIUM,1.0,0
2026,1284,11280,81,1,MEDIUM,1.0,0
2026,1284,11280,27,2,MEDIUM,2.0,0
2026,1284,11280,3,2,HARD,7.0,0
2026,1284,11280,77,2,SOFT,7.0,0
2026,1284,11280,63,2,HARD,21.0,0
2026,1284,11280,16,2,HARD,22.0,0
2026,1284,11280,18,2,SOFT,22.0,3
2026,1284,11280,77,3,MEDIUM,22.0,0
2026,1284,11280,12,2,HARD,27.0,0
2026,1284,11280,87,2,HARD,27.0,0
2026,1284,11280,1,2,HARD,28.0,0
2026,1284,11280,44,2,HARD,28.0,0
2026,1284,11280,23,2,HARD,28.0,0
2026,1284,11280,81,2,HARD,29.0,0
2026,1284,11280,55,2,HARD,29.0,0
2026,1284,11280,41,2,HARD,29.0,0
2026,1284,11280,11,2,HARD,30.0,0
2026,1284,11280,77,4,MEDIUM,31.0,9
2026,1284,11280,43,2,HARD,32.0,0
2026,1284,11280,31,2,HARD,32.0,0
2026,1284,11280,5,2,HARD,33.0,0
2026,1284,11280,18,3,SOFT,38.0,0
2026,1284,11280,14,2,SOFT,42.0,0
