season,meeting_key,session_key,driver_number,position,dnf,number_of_laps
2025,1254,9693,4,1.0,False,57.0
2025,1254,9693,1,2.0,False,57.0
2025,1254,9693,63,3.0,False,57.0
2025,1254,9693,12,4.0,False,57.0
2025,1254,9693,23,5.0,False,57.0
2025,1254,9693,18,6.0,False,57.0
2025,1254,9693,27,7.0,False,57.0
2025,1254,9693,16,8.0,False,57.0
2025,1254,9693,81,9.0,False,57.0
2025,1254,9693,44,10.0,False,57.0
2025,1254,9693,10,11.0,False,57.0
2025,1254,9693,22,12.0,False,57.0
2025,1254,9693,31,13.0,False,57.0
2025,1254,9693,87,14.0,False,57.0
2025,1254,9693,30,,True,46.0
2025,1254,9693,5,,True,45.0
2025,1254,9693,14,,True,32.0
2025,1254,9693,55,,True,0.0
2025,1254,9693,7,,True,0.0
2025,1254,9693,6,,False,0.0
2025,1255,9998,81,1.0,False,56.0
2025,1255,9998,4,2.0,False,56.0
2025,1255,9998,63,3.0,False,56.0
2025,1255,9998,1,4.0,False,56.0
2025,1255,9998,31,5.0,False,56.0
2025,1255,9998,12,6.0,False,56.0
2025,1255,9998,23,7.0,False,56.0
2025,1255,9998,87,8.0,False,56.0
2025,1255,9998,18,9.0,False,56.0
2025,1255,9998,55,10.0,False,56.0
2025,1255,9998,6,11.0,False,56.0
2025,1255,9998,30,12.0,False,56.0
2025,1255,9998,7,13.0,False,56.0
2025,1255,9998,5,14.0,False,55.0
2025,1255,9998,27,15.0,False,55.0
2025,1255,9998,22,16.0,False,55.0
2025,1255,9998,14,,True,4.0
2025,1255,9998,16,,False,
2025,1255,9998,44,,False,
2025,1255,9998,10,,False,
2025,1256,10006,1,1.0,False,53.0
2025,1256,10006,4,2.0,False,53.0
2025,1256,10006,81,3.0,False,53.0
2025,1256,10006,16,4.0,False,53.0
2025,1256,10006,63,5.0,False,53.0
2025,1256,10006,12,6.0,False,53.0
2025,1256,10006,44,7.0,False,53.0
2025,1256,10006,6,8.0,False,53.0
2025,1256,10006,23,9.0,False,53.0
2025,1256,10006,87,10.0,False,53.0
2025,1256,10006,14,11.0,False,53.0
2025,1256,10006,22,12.0,False,53.0
2025,1256,10006,10,13.0,False,53.0
2025,1256,10006,55,14.0,False,53.0
2025,1256,10006,7,15.0,False,53.0
2025,1256,10006,27,16.0,False,53.0
2025,1256,10006,30,17.0,False,53.0
2025,1256,10006,31,18.0,False,53.0
2025,1256,10006,5,19.0,False,53.0
2025,1256,10006,18,20.0,False,52.0
2025,1257,10014,81,1.0,False,57.0
2025,1257,10014,63,2.0,False,57.0
2025,1257,10014,4,3.0,False,57.0
2025,1257,10014,16,4.0,False,57.0
2025,1257,10014,44,5.0,False,57.0
2025,1257,10014,1,6.0,False,57.0
2025,1257,10014,10,7.0,False,57.0
2025,1257,10014,31,8.0,False,57.0
2025,1257,10014,22,9.0,False,57.0
2025,1257,10014,87,10.0,False,57.0
2025,1257,10014,12,11.0,False,57.0
2025,1257,10014,23,12.0,False,57.0
2025,1257,10014,6,13.0,False,57.0
2025,1257,10014,7,14.0,False,57.0
2025,1257,10014,14,15.0,False,57.0
2025,1257,10014,30,16.0,False,57.0
2025,1257,10014,18,17.0,False,57.0
2025,1257,10014,5,18.0,False,57.0
2025,1257,10014,55,,True,45.0
2025,1257,10014,27,,False,
2025,1258,10022,81,1.0,False,50.0
2025,1258,10022,1,2.0,False,50.0
2025,1258,10022,16,3.0,False,50.0
2025,1258,10022,4,4.0,False,50.0
2025,1258,10022,63,5.0,False,50.0
2025,1258,10022,12,6.0,False,50.0
2025,1258,10022,44,7.0,False,50.0
2025,1258,10022,55,8.0,False,50.0
2025,1258,10022,23,9.0,False,50.0
2025,1258,10022,6,10.0,False,50.0
2025,1258,10022,14,11.0,False,50.0
2025,1258,10022,30,12.0,False,50.0
2025,1258,10022,87,13.0,False,50.0
2025,1258,10022,31,14.0,False,50.0
2025,1258,10022,27,15.0,False,49.0
2025,1258,10022,18,16.0,False,49.0
2025,1258,10022,7,17.0,False,49.0
2025,1258,10022,5,18.0,False,49.0
2025,1258,10022,22,,True,1.0
2025,1258,10022,10,,True,0.0
2025,1259,10033,81,1.0,False,57.0
2025,1259,10033,4,2.0,False,57.0
2025,1259,10033,63,3.0,False,57.0
2025,1259,10033,1,4.0,False,57.0
2025,1259,10033,23,5.0,False,57.0
2025,1259,10033,12,6.0,False,57.0
2025,1259,10033,16,7.0,False,57.0
2025,1259,10033,44,8.0,False,57.0
2025,1259,10033,55,9.0,False,57.0
2025,1259,10033,22,10.0,False,57.0
2025,1259,10033,6,11.0,False,57.0
2025,1259,10033,31,12.0,False,57.0
2025,1259,10033,10,13.0,False,57.0
2025,1259,10033,27,14.0,False,56.0
2025,1259,10033,14,15.0,False,56.0
2025,1259,10033,18,16.0,False,56.0
2025,1259,10033,30,,True,36.0
2025,1259,10033,5,,True,30.0
2025,1259,10033,87,,True,27.0
2025,1259,10033,7,,True,0.0
2025,1260,9987,1,1.0,False,63.0
2025,1260,9987,4,2.0,False,63.0
2025,1260,9987,81,3.0,False,63.0
2025,1260,9987,44,4.0,False,63.0
2025,1260,9987,23,5.0,False,63.0
2025,1260,9987,16,6.0,False,63.0
2025,1260,9987,63,7.0,False,63.0
2025,1260,9987,55,8.0,False,63.0
2025,1260,9987,6,9.0,False,63.0
2025,1260,9987,22,10.0,False,63.0
2025,1260,9987,14,11.0,False,63.0
2025,1260,9987,27,12.0,False,63.0
2025,1260,9987,10,13.0,False,63.0
2025,1260,9987,30,14.0,False,63.0
2025,1260,9987,18,15.0,False,63.0
2025,1260,9987,43,16.0,False,63.0
2025,1260,9987,87,17.0,False,63.0
2025,1260,9987,5,18.0,False,63.0
2025,1260,9987,12,,True,44.0
2025,1260,9987,31,,True,27.0
2025,1261,9979,4,1.0,False,78.0
2025,1261,9979,16,2.0,False,78.0
2025,1261,9979,81,3.0,False,78.0
2025,1261,9979,1,4.0,False,78.0
2025,1261,9979,44,5.0,False,78.0
2025,1261,9979,6,6.0,False,77.0
2025,1261,9979,31,7.0,False,77.0
2025,1261,9979,30,8.0,False,77.0
2025,1261,9979,23,9.0,False,76.0
2025,1261,9979,55,10.0,False,76.0
2025,1261,9979,63,11.0,False,76.0
2025,1261,9979,87,12.0,False,76.0
2025,1261,9979,43,13.0,False,76.0
2025,1261,9979,5,14.0,False,76.0
2025,1261,9979,18,15.0,False,76.0
2025,1261,9979,27,16.0,False,76.0
2025,1261,9979,22,17.0,False,76.0
2025,1261,9979,12,18.0,False,75.0
2025,1261,9979,14,,True,36.0
2025,1261,9979,10,,True,7.0
2025,1262,9971,81,1.0,False,66.0
2025,1262,9971,4,2.0,False,66.0
2025,1262,9971,16,3.0,False,66.0
2025,1262,9971,63,4.0,False,66.0
2025,1262,9971,27,5.0,False,66.0
2025,1262,9971,44,6.0,False,66.0
2025,1262,9971,6,7.0,False,66.0
2025,1262,9971,10,8.0,False,66.0
2025,1262,9971,14,9.0,False,66.0
2025,1262,9971,1,10.0,False,66.0
2025,1262,9971,30,11.0,False,66.0
2025,1262,9971,5,12.0,False,66.0
2025,1262,9971,22,13.0,False,66.0
2025,1262,9971,55,14.0,False,66.0
2025,1262,9971,43,15.0,False,66.0
2025,1262,9971,31,16.0,False,66.0
2025,1262,9971,87,17.0,False,66.0
2025,1262,9971,12,,True,53.0
2025,1262,9971,23,,True,27.0
2025,1263,9963,63,1.0,False,70.0
2025,1263,9963,1,2.0,False,70.0
2025,1263,9963,12,3.0,False,70.0
2025,1263,9963,81,4.0,False,70.0
2025,1263,9963,16,5.0,False,70.0
2025,1263,9963,44,6.0,False,70.0
2025,1263,9963,14,7.0,False,70.0
2025,1263,9963,27,8.0,False,70.0
2025,1263,9963,31,9.0,False,69.0
2025,1263,9963,55,10.0,False,69.0
2025,1263,9963,87,11.0,False,69.0
2025,1263,9963,22,12.0,False,69.0
2025,1263,9963,43,13.0,False,69.0
2025,1263,9963,5,14.0,False,69.0
2025,1263,9963,10,15.0,False,69.0
2025,1263,9963,6,16.0,False,69.0
2025,1263,9963,18,17.0,False,69.0
2025,1263,9963,4,18.0,True,66.0
2025,1263,9963,30,,True,53.0
2025,1263,9963,23,,True,46.0
2025,1264,9955,4,1.0,False,70.0
2025,1264,9955,81,2.0,False,70.0
2025,1264,9955,16,3.0,False,70.0
2025,1264,9955,44,4.0,False,70.0
2025,1264,9955,63,5.0,False,70.0
2025,1264,9955,30,6.0,False,70.0
2025,1264,9955,14,7.0,False,69.0
2025,1264,9955,5,8.0,False,69.0
2025,1264,9955,27,9.0,False,69.0
2025,1264,9955,31,10.0,False,69.0
2025,1264,9955,87,11.0,False,69.0
2025,1264,9955,6,12.0,False,69.0
2025,1264,9955,10,13.0,False,69.0
2025,1264,9955,18,14.0,False,69.0
2025,1264,9955,43,15.0,False,69.0
2025,1264,9955,22,16.0,False,68.0
2025,1264,9955,23,,True,15.0
2025,1264,9955,1,,True,0.0
2025,1264,9955,12,,True,0.0
2025,1264,9955,55,,False,0.0
2025,1277,9947,4,1.0,False,52.0
2025,1277,9947,81,2.0,False,52.0
2025,1277,9947,27,3.0,False,52.0
2025,1277,9947,44,4.0,False,52.0
2025,1277,9947,1,5.0,False,52.0
2025,1277,9947,10,6.0,False,52.0
2025,1277,9947,18,7.0,False,52.0
2025,1277,9947,23,8.0,False,52.0
2025,1277,9947,14,9.0,False,52.0
2025,1277,9947,63,10.0,False,52.0
2025,1277,9947,87,11.0,False,52.0
2025,1277,9947,55,12.0,False,52.0
2025,1277,9947,31,13.0,False,52.0
2025,1277,9947,16,14.0,False,52.0
2025,1277,9947,22,15.0,False,51.0
2025,1277,9947,12,,True,23.0
2025,1277,9947,6,,True,17.0
2025,1277,9947,5,,True,3.0
2025,1277,9947,30,,True,0.0
2025,1277,9947,43,,False,0.0
2025,1265,9939,81,1.0,False,44.0
2025,1265,9939,4,2.0,False,44.0
2025,1265,9939,16,3.0,False,44.0
2025,1265,9939,1,4.0,False,44.0
2025,1265,9939,63,5.0,False,44.0
2025,1265,9939,23,6.0,False,44.0
2025,1265,9939,44,7.0,False,44.0
2025,1265,9939,30,8.0,False,44.0
2025,1265,9939,5,9.0,False,44.0
2025,1265,9939,10,10.0,False,44.0
2025,1265,9939,87,11.0,False,44.0
2025,1265,9939,27,12.0,False,44.0
2025,1265,9939,22,13.0,False,44.0
2025,1265,9939,18,14.0,False,44.0
2025,1265,9939,31,15.0,False,44.0
2025,1265,9939,12,16.0,False,44.0
2025,1265,9939,14,17.0,False,44.0
2025,1265,9939,55,18.0,False,44.0
2025,1265,9939,43,19.0,False,44.0
2025,1265,9939,6,20.0,False,43.0
2025,1266,9928,4,1.0,False,70.0
2025,1266,9928,81,2.0,False,70.0
2025,1266,9928,63,3.0,False,70.0
2025,1266,9928,16,4.0,False,70.0
2025,1266,9928,14,5.0,False,70.0
2025,1266,9928,5,6.0,False,70.0
2025,1266,9928,18,7.0,False,70.0
2025,1266,9928,30,8.0,False,70.0
2025,1266,9928,1,9.0,False,70.0
2025,1266,9928,12,10.0,False,69.0
2025,1266,9928,6,11.0,False,69.0
2025,1266,9928,44,12.0,False,69.0
2025,1266,9928,27,13.0,False,69.0
2025,1266,9928,55,14.0,False,69.0
2025,1266,9928,23,15.0,False,69.0
2025,1266,9928,31,16.0,False,69.0
2025,1266,9928,22,17.0,False,69.0
2025,1266,9928,43,18.0,False,69.0
2025,1266,9928,10,19.0,False,69.0
2025,1266,9928,87,,True,48.0
2025,1267,9920,81,1.0,False,72.0
2025,1267,9920,1,2.0,False,72.0
2025,1267,9920,6,3.0,False,72.0
2025,1267,9920,63,4.0,False,72.0
2025,1267,9920,23,5.0,False,72.0
2025,1267,9920,87,6.0,False,72.0
2025,1267,9920,18,7.0,False,72.0
2025,1267,9920,14,8.0,False,72.0
2025,1267,9920,22,9.0,False,72.0
2025,1267,9920,31,10.0,False,72.0
2025,1267,9920,43,11.0,False,72.0
2025,1267,9920,30,12.0,False,72.0
2025,1267,9920,55,13.0,False,72.0
2025,1267,9920,27,14.0,False,72.0
2025,1267,9920,5,15.0,False,72.0
2025,1267,9920,12,16.0,False,72.0
2025,1267,9920,10,17.0,False,72.0
2025,1267,9920,4,18.0,True,64.0
2025,1267,9920,16,,True,52.0
2025,1267,9920,44,,True,22.0
2025,1268,9912,1,1.0,False,53.0
2025,1268,9912,4,2.0,False,53.0
2025,1268,9912,81,3.0,False,53.0
2025,1268,9912,16,4.0,False,53.0
2025,1268,9912,63,5.0,False,53.0
2025,1268,9912,44,6.0,False,53.0
2025,1268,9912,23,7.0,False,53.0
2025,1268,9912,5,8.0,False,53.0
2025,1268,9912,12,9.0,False,53.0
2025,1268,9912,6,10.0,False,53.0
2025,1268,9912,55,11.0,False,53.0
2025,1268,9912,87,12.0,False,53.0
2025,1268,9912,22,13.0,False,53.0
2025,1268,9912,30,14.0,False,53.0
2025,1268,9912,31,15.0,False,52.0
2025,1268,9912,10,16.0,False,52.0
2025,1268,9912,43,17.0,False,52.0
2025,1268,9912,18,18.0,False,52.0
2025,1268,9912,14,,True,24.0
2025,1268,9912,27,,False,0.0
2025,1269,9904,1,1.0,False,51.0
2025,1269,9904,63,2.0,False,51.0
2025,1269,9904,55,3.0,False,51.0
2025,1269,9904,12,4.0,False,51.0
2025,1269,9904,30,5.0,False,51.0
2025,1269,9904,22,6.0,False,51.0
2025,1269,9904,4,7.0,False,51.0
2025,1269,9904,44,8.0,False,51.0
2025,1269,9904,16,9.0,False,51.0
2025,1269,9904,6,10.0,False,51.0
2025,1269,9904,5,11.0,False,51.0
2025,1269,9904,87,12.0,False,51.0
2025,1269,9904,23,13.0,False,51.0
2025,1269,9904,31,14.0,False,51.0
2025,1269,9904,14,15.0,False,51.0
2025,1269,9904,27,16.0,False,51.0
2025,1269,9904,18,17.0,False,51.0
2025,1269,9904,10,18.0,False,50.0
2025,1269,9904,43,19.0,False,50.0
2025,1269,9904,81,,True,0.0
2025,1270,9896,63,1.0,False,62.0
2025,1270,9896,1,2.0,False,62.0
2025,1270,9896,4,3.0,False,62.0
2025,1270,9896,81,4.0,False,62.0
2025,1270,9896,12,5.0,False,62.0
2025,1270,9896,16,6.0,False,62.0
2025,1270,9896,14,7.0,False,62.0
2025,1270,9896,44,8.0,False,62.0
2025,1270,9896,87,9.0,False,62.0
2025,1270,9896,55,10.0,False,61.0
2025,1270,9896,6,11.0,False,61.0
2025,1270,9896,22,12.0,False,61.0
2025,1270,9896,18,13.0,False,61.0
2025,1270,9896,23,14.0,False,61.0
2025,1270,9896,30,15.0,False,61.0
2025,1270,9896,43,16.0,False,61.0
2025,1270,9896,5,17.0,False,61.0
2025,1270,9896,31,18.0,False,61.0
2025,1270,9896,10,19.0,False,61.0
2025,1270,9896,27,20.0,False,61.0
2025,1271,9888,1,1.0,False,56.0
2025,1271,9888,4,2.0,False,56.0
2025,1271,9888,16,3.0,False,56.0
2025,1271,9888,44,4.0,False,56.0
2025,1271,9888,81,5.0,False,56.0
2025,1271,9888,63,6.0,False,56.0
2025,1271,9888,22,7.0,False,56.0
2025,1271,9888,27,8.0,False,56.0
2025,1271,9888,87,9.0,False,56.0
2025,1271,9888,14,10.0,False,56.0
2025,1271,9888,30,11.0,False,56.0
2025,1271,9888,18,12.0,False,56.0
2025,1271,9888,12,13.0,False,56.0
2025,1271,9888,23,14.0,False,56.0
2025,1271,9888,31,15.0,False,56.0
2025,1271,9888,6,16.0,False,56.0
2025,1271,9888,43,17.0,False,55.0
2025,1271,9888,5,18.0,False,55.0
2025,1271,9888,10,19.0,False,55.0
2025,1271,9888,55,,True,5.0
2025,1272,9877,4,1.0,False,71.0
2025,1272,9877,16,2.0,False,71.0
2025,1272,9877,1,3.0,False,71.0
2025,1272,9877,87,4.0,False,71.0
2025,1272,9877,81,5.0,False,71.0
2025,1272,9877,12,6.0,False,71.0
2025,1272,9877,63,7.0,False,71.0
2025,1272,9877,44,8.0,False,71.0
2025,1272,9877,31,9.0,False,71.0
2025,1272,9877,5,10.0,False,71.0
2025,1272,9877,22,11.0,False,71.0
2025,1272,9877,23,12.0,False,70.0
2025,1272,9877,6,13.0,False,70.0
2025,1272,9877,18,14.0,False,70.0
2025,1272,9877,10,15.0,False,70.0
2025,1272,9877,43,16.0,False,70.0
2025,1272,9877,55,17.0,True,67.0
2025,1272,9877,14,,True,34.0
2025,1272,9877,27,,True,25.0
2025,1272,9877,30,,True,5.0
2025,1273,9869,4,1.0,False,71.0
2025,1273,9869,12,2.0,False,71.0
2025,1273,9869,1,3.0,False,71.0
2025,1273,9869,63,4.0,False,71.0
2025,1273,9869,81,5.0,False,71.0
2025,1273,9869,87,6.0,False,71.0
2025,1273,9869,30,7.0,False,71.0
2025,1273,9869,6,8.0,False,71.0
2025,1273,9869,27,9.0,False,71.0
2025,1273,9869,10,10.0,False,71.0
2025,1273,9869,23,11.0,False,71.0
2025,1273,9869,31,12.0,False,71.0
2025,1273,9869,55,13.0,False,71.0
2025,1273,9869,14,14.0,False,71.0
2025,1273,9869,43,15.0,False,71.0
2025,1273,9869,18,16.0,False,71.0
2025,1273,9869,22,17.0,False,71.0
2025,1273,9869,44,,True,37.0
2025,1273,9869,16,,True,5.0
2025,1273,9869,5,,True,0.0
2025,1274,9858,1,1.0,False,50.0
2025,1274,9858,63,2.0,False,50.0
2025,1274,9858,12,3.0,False,50.0
2025,1274,9858,16,4.0,False,50.0
2025,1274,9858,55,5.0,False,50.0
2025,1274,9858,6,6.0,False,50.0
2025,1274,9858,27,7.0,False,50.0
2025,1274,9858,44,8.0,False,50.0
2025,1274,9858,31,9.0,False,50.0
2025,1274,9858,87,10.0,False,50.0
2025,1274,9858,14,11.0,False,50.0
2025,1274,9858,22,12.0,False,50.0
2025,1274,9858,10,13.0,False,50.0
2025,1274,9858,30,14.0,False,49.0
2025,1274,9858,43,15.0,False,49.0
2025,1274,9858,23,,True,35.0
2025,1274,9858,5,,True,2.0
2025,1274,9858,18,,True,0.0
2025,1274,9858,4,,False,
2025,1274,9858,81,,False,
2025,1275,9850,1,1.0,False,57.0
2025,1275,9850,81,2.0,False,57.0
2025,1275,9850,55,3.0,False,57.0
2025,1275,9850,4,4.0,False,57.0
2025,1275,9850,12,5.0,False,57.0
2025,1275,9850,63,6.0,False,57.0
2025,1275,9850,14,7.0,False,57.0
2025,1275,9850,16,8.0,False,57.0
2025,1275,9850,30,9.0,False,57.0
2025,1275,9850,22,10.0,False,57.0
2025,1275,9850,23,11.0,False,57.0
2025,1275,9850,44,12.0,False,57.0
2025,1275,9850,5,13.0,False,57.0
2025,1275,9850,43,14.0,False,56.0
2025,1275,9850,31,15.0,False,56.0
2025,1275,9850,10,16.0,False,56.0
2025,1275,9850,18,17.0,True,55.0
2025,1275,9850,6,18.0,True,55.0
2025,1275,9850,87,,True,41.0
2025,1275,9850,27,,True,6.0
2025,1276,9839,1,1.0,False,58.0
2025,1276,9839,81,2.0,False,58.0
2025,1276,9839,4,3.0,False,58.0
2025,1276,9839,16,4.0,False,58.0
2025,1276,9839,63,5.0,False,58.0
2025,1276,9839,14,6.0,False,58.0
2025,1276,9839,31,7.0,False,58.0
2025,1276,9839,44,8.0,False,58.0
2025,1276,9839,27,9.0,False,58.0
2025,1276,9839,18,10.0,False,58.0
2025,1276,9839,5,11.0,False,58.0
2025,1276,9839,87,12.0,False,58.0
2025,1276,9839,55,13.0,False,58.0
2025,1276,9839,22,14.0,False,58.0
2025,1276,9839,12,15.0,False,58.0
2025,1276,9839,23,16.0,False,58.0
2025,1276,9839,6,17.0,False,57.0
2025,1276,9839,30,18.0,False,57.0
2025,1276,9839,10,19.0,False,57.0
2025,1276,9839,43,20.0,False,57.0
2026,1279,11234,63,1.0,False,58.0
2026,1279,11234,12,2.0,False,58.0
2026,1279,11234,16,3.0,False,58.0
2026,1279,11234,44,4.0,False,58.0
2026,1279,11234,1,5.0,False,58.0
2026,1279,11234,3,6.0,False,58.0
2026,1279,11234,87,7.0,False,57.0
2026,1279,11234,41,8.0,False,57.0
2026,1279,11234,5,9.0,False,57.0
2026,1279,11234,10,10.0,False,57.0
2026,1279,11234,31,11.0,False,57.0
2026,1279,11234,23,12.0,False,57.0
2026,1279,11234,30,13.0,False,57.0
2026,1279,11234,43,14.0,False,56.0
2026,1279,11234,55,15.0,False,56.0
2026,1279,11234,11,16.0,False,55.0
2026,1279,11234,18,,False,43.0
2026,1279,11234,14,,True,21.0
2026,1279,11234,77,,True,15.0
2026,1279,11234,6,,True,10.0
2026,1279,11234,81,,False,0.0
2026,1279,11234,27,,False,0.0
2026,1280,11245,12,1.0,False,56.0
2026,1280,11245,63,2.0,False,56.0
2026,1280,11245,44,3.0,False,56.0
2026,1280,11245,16,4.0,False,56.0
2026,1280,11245,87,5.0,False,56.0
2026,1280,11245,10,6.0,False,56.0
2026,1280,11245,30,7.0,False,56.0
2026,1280,11245,6,8.0,False,56.0
2026,1280,11245,55,9.0,False,55.0
2026,1280,11245,43,10.0,False,55.0
2026,1280,11245,27,11.0,False,55.0
2026,1280,11245,41,12.0,False,55.0
2026,1280,11245,77,13.0,False,55.0
2026,1280,11245,31,14.0,False,55.0
2026,1280,11245,11,15.0,False,55.0
2026,1280,11245,3,,True,45.0
2026,1280,11245,14,,True,32.0
2026,1280,11245,18,,True,9.0
2026,1280,11245,81,,False,0.0
2026,1280,11245,1,,False,0.0
2026,1280,11245,5,,False,0.0
2026,1280,11245,23,,False,0.0
2026,1281,11253,12,1.0,False,53.0
2026,1281,11253,81,2.0,False,53.0
2026,1281,11253,16,3.0,False,53.0
2026,1281,11253,63,4.0,False,53.0
2026,1281,11253,1,5.0,False,53.0
2026,1281,11253,44,6.0,False,53.0
2026,1281,11253,10,7.0,False,53.0
2026,1281,11253,3,8.0,False,53.0
2026,1281,11253,30,9.0,False,53.0
2026,1281,11253,31,10.0,False,53.0
2026,1281,11253,27,11.0,False,53.0
2026,1281,11253,6,12.0,False,53.0
2026,1281,11253,5,13.0,False,53.0
2026,1281,11253,41,14.0,False,53.0
2026,1281,11253,55,15.0,False,53.0
2026,1281,11253,43,16.0,False,53.0
2026,1281,11253,11,17.0,False,53.0
2026,1281,11253,14,18.0,False,52.0
2026,1281,11253,77,19.0,False,52.0
2026,1281,11253,23,20.0,False,51.0
2026,1281,11253,18,,True,30.0
2026,1281,11253,87,,True,20.0
2026,1284,11280,12,1.0,False,57.0
2026,1284,11280,1,2.0,False,57.0
2026,1284,11280,81,3.0,False,57.0
2026,1284,11280,63,4.0,False,57.0
2026,1284,11280,3,5.0,False,57.0
2026,1284,11280,44,6.0,False,57.0
2026,1284,11280,43,7.0,False,57.0
2026,1284,11280,16,8.0,False,57.0
2026,1284,11280,55,9.0,False,57.0
2026,1284,11280,23,10.0,False,57.0
2026,1284,11280,87,11.0,False,56.0
2026,1284,11280,5,12.0,False,56.0
2026,1284,11280,31,13.0,False,56.0
2026,1284,11280,41,14.0,False,56.0
2026,1284,11280,14,15.0,False,56.0
2026,1284,11280,11,16.0,False,56.0
2026,1284,11280,18,17.0,False,56.0
2026,1284,11280,77,18.0,False,55.0
2026,1284,11280,27,,True,7.0
2026,1284,11280,30,,True,6.0
2026,1284,11280,10,,True,4.0
2026,1284,11280,6,,True,4.0
